Sensor1_Temp,Sensor1_Pressure,Sensor1_Humidity,Sensor2_Temp,Sensor2_Pressure,Sensor2_Humidity
33.87,916.4221,69.85,33.78,915.9519,78.99
33.86,916.4078,69.85,33.78,915.9519,78.99
33.85,916.4211,69.37,33.78,915.9705,78.54
33.83,916.4042,68.42,33.76,915.9322,77.83
33.8,916.4056,67.45,33.74,915.9603,76.43
33.76,916.4225,66.38,33.7,915.9645,75.66
33.73,916.4289,65.29,33.67,915.9497,75.66
33.69,916.425,64.41,33.64,915.9736,74.91
33.78,916.3887,67.56,33.68,915.9383,77.64
33.81,916.3767,68.07,33.68,915.9383,77.64
33.84,916.3931,68.45,33.7,915.9888,77.96
33.87,916.3961,68.82,33.73,915.9506,78.21
33.87,916.3856,69.19,33.75,915.9481,78.43
33.89,916.4106,69.37,33.77,915.947,78.69
33.9,916.4106,69.64,33.79,915.9564,78.82
33.92,916.4045,69.7,33.81,915.9462,78.95
33.92,916.4314,69.62,33.81,915.9579,78.67
33.91,916.4077,69.32,33.8,915.9536,78.13
33.9,916.3879,68.67,33.79,915.9709,77.28
33.88,916.3985,67.83,33.79,915.9709,76.6
33.84,916.3758,66.95,33.76,915.9547,76.6
33.84,916.3758,66.95,33.73,915.9623,75.87
33.81,916.401,66.01,33.73,915.9641,74.92
33.69,916.4146,63.03,33.62,915.9917,72.29
33.7,916.3889,65.59,33.59,915.9313,75.35
33.74,916.3691,66.3,33.63,915.9384,75.89
33.78,916.3817,66.93,33.67,915.9542,76.42
33.82,916.3738,67.38,33.67,915.9462,76.87
33.86,916.4094,67.89,33.7,915.9191,77.29
34,916.3806,69.6,33.83,915.9409,78.4
34,916.3806,69.78,33.85,915.9263,78.52
34.01,916.423,69.78,33.87,915.9684,78.68
34.01,916.4352,69.55,33.88,915.9695,78.53
34.01,916.4244,69.55,33.88,915.9601,78.1
33.98,916.4281,69.12,33.86,915.9442,77.46
33.95,916.4156,68.56,33.83,915.9388,76.74
33.92,916.4136,67.81,33.79,915.9573,75.85
33.89,916.4047,67.1,33.76,915.9668,75.12
33.85,916.4249,65.21,33.72,915.9777,74.29
33.83,916.4249,64.05,33.69,915.9587,73.51
33.79,916.3934,63.01,33.65,915.9767,72.74
33.76,916.4744,62.36,33.62,915.981,72.03
33.72,916.4459,62.79,33.59,915.9374,72.33
33.69,916.4002,63.49,33.57,915.9554,72.91
33.7,916.3787,65.71,33.61,915.9356,74.92
33.73,916.3787,65.71,33.63,915.9428,75.5
33.77,916.3918,66.42,33.67,915.9473,76.02
33.88,916.3816,68.05,33.73,915.9501,77.38
33.92,916.3906,68.48,33.77,915.9612,77.73
33.95,916.3758,68.82,33.8,915.9612,77.73
33.95,916.3758,69.29,33.83,915.9578,78.11
33.99,916.4197,69.52,33.86,915.9373,78.59
34.02,916.4211,69.83,33.88,915.93,78.76
34.04,916.3672,69.94,33.9,915.9604,78.85
34.05,916.4451,69.85,33.92,915.9451,78.67
34.05,916.3817,69.59,33.92,915.951,78.21
34.03,916.4258,69.21,33.92,915.951,78.21
34.03,916.4258,67.6,33.88,915.9473,76.12
33.97,916.4673,66.61,33.84,915.9665,75.33
33.93,916.442,65.56,33.8,915.9536,74.49
33.89,916.4339,64.64,33.77,915.9748,73.72
33.81,916.4131,63.11,33.7,915.9691,72.99
33.78,916.4131,63.11,33.65,915.9674,73.14
33.76,916.4378,63.84,33.65,915.9951,73.74
33.74,916.4333,64.49,33.63,915.965,74.29
33.74,916.3812,65.21,33.63,915.9301,74.88
33.76,916.3663,65.79,33.64,915.968,75.51
33.8,916.3973,66.47,33.67,915.9451,76.02
33.84,916.3929,67.05,33.72,915.9458,76.6
33.88,916.4108,68.13,33.79,915.9476,77.43
33.94,916.3772,68.59,33.82,915.9383,77.82
33.99,916.4058,69.04,33.85,915.9381,78.08
34.02,916.389,69.39,33.89,915.9252,78.47
34.05,916.3943,69.73,33.91,915.932,78.75
34.12,916.4087,69.9,33.98,915.9277,78.47
34.07,916.4319,68.79,33.94,915.9412,76.93
34.03,916.4188,68.09,33.9,915.9462,76.05
34.03,916.4708,67.37,33.9,915.9808,75.09
33.92,916.3756,65.08,33.74,915.9211,72.38
33.87,916.4155,64.46,33.71,915.9517,71.52
33.85,916.4158,63.79,33.68,915.9473,70.81
33.82,916.4124,63.35,33.65,915.9193,70.8
33.8,916.38,63.7,33.63,915.916,71.38
33.8,916.411,64.25,33.62,915.9239,72.04
33.81,916.3978,64.94,33.63,915.9349,72.66
33.81,916.351,65.63,33.63,915.9532,74.1
33.85,916.3572,66.86,33.67,915.9169,74.1
33.88,916.3641,66.85,33.7,915.9403,74.75
33.92,916.4084,67.36,33.74,915.9243,75.29
33.95,916.3896,67.87,33.78,915.9274,75.82
34,916.4288,68.31,33.81,915.9169,76.33
34.03,916.3996,68.71,33.85,915.9291,76.73
34.06,916.3895,69.11,33.89,915.9459,77.49
34.08,916.4014,69.4,33.91,915.9389,77.5
34.11,916.3875,69.71,33.93,915.9299,77.78
34.15,916.3985,70,33.97,915.9214,78.23
34.16,916.413,69.94,33.99,915.9445,78.13
34.15,916.43,69.56,34,915.928,77.59
34.13,916.4147,68.96,33.98,915.9453,76.8
34.13,916.4147,68.23,33.96,915.9485,75.84
34.06,916.4192,67.38,33.92,915.9517,74.93
34.03,916.4014,66.5,33.87,915.9547,74.04
34,916.4167,65.59,33.83,915.9551,73.13
33.95,916.4052,64.78,33.79,915.9464,72.27
33.92,916.3566,64,33.76,915.9609,71.47
33.89,916.3855,63.23,33.72,915.9651,70.73
33.87,916.3892,63.23,33.69,915.9597,71.91
33.85,916.3932,63.82,33.68,915.9317,72.65
33.85,916.4053,64.55,33.68,915.921,73.38
33.86,916.4045,65.28,33.69,915.9437,74.04
33.89,916.3785,65.88,33.72,915.9543,74.67
33.95,916.3981,67.14,33.78,915.9141,75.27
33.99,916.3956,67.66,33.82,915.9389,75.84
33.99,916.3956,67.66,33.82,915.9402,76.33
34.05,916.4026,68.52,33.88,915.9345,76.69
34.08,916.408,68.92,33.9,915.9258,77.11
34.1,916.3851,69.29,33.93,915.9402,77.79
34.13,916.3851,69.56,33.96,915.9561,77.98
34.16,916.4097,69.63,34,915.9473,77.96
34.15,916.4055,69.32,34,915.9252,76.79
34.13,916.3855,68.23,33.98,915.9356,75.95
34.11,916.4081,68.23,33.98,915.9341,75.04
34.08,916.3994,66.6,33.9,915.9722,74.18
34.04,916.4299,66.61,33.86,915.9561,73.27
34,916.4069,66.01,33.86,915.9494,72.47
33.97,916.4133,65.29,33.82,915.9615,71.64
33.94,916.3978,64.62,33.79,915.9615,71.64
33.91,916.4199,63.86,33.76,915.9821,71.02
33.89,916.415,64.49,33.72,915.9455,72.11
33.88,916.3898,65.08,33.71,915.9624,72.83
33.88,916.4196,65.75,33.73,915.9554,73.58
33.89,916.3855,66.46,33.75,915.9564,74.22
33.91,916.3956,67,33.78,915.9519,74.82
33.94,916.3945,67.01,33.78,915.9519,74.82
34.05,916.4239,68.55,33.89,915.9562,76.89
34.09,916.4103,68.98,33.92,915.9562,76.89
34.12,916.4158,69.41,33.96,915.9457,77.34
34.14,916.3984,69.59,33.99,915.9373,77.59
34.16,916.3889,69.59,34.01,915.9455,77.71
34.17,916.3858,69.18,34.02,915.9244,77.25
34.17,916.3858,69.18,34.02,915.9659,75.73
34.11,916.4238,67.75,34,915.9194,74.8
34.06,916.426,66.9,33.97,915.9289,73.9
34.02,916.42,65.98,33.93,915.93,72.96
33.97,916.4116,64.96,33.88,915.9426,72.08
33.93,916.4022,63.99,33.81,915.9314,71.2
33.9,916.4135,63.19,33.81,915.9314,71.2
33.87,916.4084,62.83,33.77,915.9474,70.97
33.84,916.3736,63.32,33.74,915.9655,72.26
33.83,916.3694,63.95,33.74,915.943,72.91
33.83,916.3988,64.63,33.73,915.915,73.57
33.84,916.3943,65.3,33.75,915.926,74.18
33.86,916.3836,65.97,33.77,915.9211,74.8
33.88,916.4077,66.56,33.79,915.9594,75.3
33.91,916.3624,67.13,33.82,915.9594,75.3
33.94,916.3783,67.68,33.85,915.992,76.36
33.97,916.3823,68.14,33.88,915.9578,76.82
34.09,916.3706,69.56,33.98,915.9295,78.11
34.22,916.3856,70.57,34.1,915.9244,78.73
34.27,916.3937,70.65,34.17,915.9162,77.89
34.27,916.3796,70.02,34.17,915.9162,76.89
34.23,916.4001,69.17,34.14,915.9489,75.96
34.17,916.4,68.17,34.1,915.9933,74.98
34.05,916.4183,66.24,33.99,915.9494,73.72
34,916.448,65.9,33.95,915.9731,73.72
33.94,916.4153,66.09,33.9,915.9636,74.01
33.94,916.4153,66.56,33.88,915.9886,74.56
33.92,916.387,67.24,33.87,915.9644,75.15
33.91,916.3539,67.89,33.88,915.9691,75.8
33.94,916.3906,68.38,33.9,915.957,76.25
33.98,916.3948,68.38,33.93,915.9503,76.81
34.02,916.4026,68.9,33.93,915.921,77.21
34.06,916.4016,69.36,33.97,915.9741,77.67
34.09,916.3797,69.76,34.04,915.9714,78.05
34.13,916.392,70.11,34.06,915.9436,78.46
34.17,916.4309,70.44,34.09,915.9629,78.68
34.2,916.4275,70.71,34.12,915.9478,78.92
34.22,916.4152,70.84,34.14,915.9249,79.03
34.23,916.426,70.98,34.17,915.9473,79.25
34.23,916.3881,70.99,34.18,915.9788,79.49
34.22,916.4119,71,34.19,915.9344,79.61
34.21,916.4164,70.94,34.2,915.9551,79.7
34.2,916.4227,70.87,34.21,915.9666,79.7
34.2,916.4152,70.72,34.21,915.9738,79.75
34.19,916.4517,70.72,34.21,915.9914,79.82
34.17,916.4139,70.76,34.21,915.961,79.8
34.17,916.4066,70.76,34.21,915.9749,79.83
34.16,916.4267,69.8,34.2,915.9551,78.77
34.14,916.3876,68.95,34.17,915.9183,77.87
34.11,916.424,67.72,34.13,915.9247,77.01
34.07,916.4389,66.73,34.09,915.9747,76.24
33.99,916.4267,66.21,34.05,915.9956,76.75
33.99,916.4267,66.21,34.02,915.9731,76.75
33.97,916.4133,67.38,34.01,915.9732,77.56
33.97,916.3681,67.98,34.01,915.9528,77.56
33.99,916.3539,68.45,34.03,915.9614,78.32
34.05,916.3506,69.37,34.07,915.9308,78.99
34.08,916.3508,69.62,34.09,915.9629,79.18
34.11,916.3943,69.88,34.11,915.9368,79.22
34.14,916.3943,69.88,34.13,915.943,79.22
34.16,916.4009,69.42,34.16,915.9408,78.48
34.15,916.4278,68.86,34.14,915.9277,77.67
34.12,916.3882,68.06,34.11,915.9673,76.75
34.09,916.3986,66.01,34.08,915.9578,75.85
34.06,916.3686,64.97,34.04,915.9426,74.89
34.02,916.3837,64.97,34,915.9619,73.83
33.9,916.4174,63.57,33.9,915.9687,73.64
33.88,916.3674,64.28,33.9,915.9905,74.22
33.88,916.3795,64.95,33.89,915.9764,74.85
33.89,916.3823,65.65,33.91,915.9677,75.42
33.92,916.3992,66.33,33.93,915.9589,76.01
33.95,916.3875,66.96,33.93,915.9589,76.01
33.98,916.3812,68.07,33.98,915.9972,77.38
34.02,916.408,68.53,34.01,915.968,77.83
34.05,916.4465,68.91,34.04,915.972,78.15
34.09,916.445,69.38,34.06,915.9297,78.15
34.11,916.4102,69.64,34.09,915.9595,78.47
34.14,916.4208,69.63,34.12,915.9583,78.75
34.16,916.3995,69.93,34.14,915.9439,78.97
34.19,916.4099,70.02,34.17,915.9406,78.79
34.19,916.3784,69.22,34.18,915.949,78.15
34.17,916.3875,68.63,34.15,915.9526,77.35
34.14,916.41,67.91,34.12,915.9579,76.44
34.1,916.427,67.04,34.08,915.918,75.39
34.07,916.4111,66.17,34.04,915.9617,74.5
34.07,916.4111,66.17,34.04,915.9617,72.69
34.01,916.4001,63.66,33.97,915.9592,72.69
33.98,916.4069,63.66,33.93,915.9811,71.83
33.95,916.3979,63.12,33.9,915.9927,71.98
33.92,916.3826,63.52,33.87,915.9892,72.57
33.91,916.4077,64.16,33.86,915.9755,73.28
33.91,916.4042,64.79,33.87,915.9855,73.88
33.91,916.3702,65.47,33.87,915.9647,74.41
33.92,916.3702,65.47,33.9,915.9708,75.57
33.97,916.3787,67.39,33.92,915.9476,76.08
34,916.4188,67.4,33.95,915.9374,76.08
34.04,916.411,67.92,33.98,915.9515,76.59
34.07,916.4355,68.42,34.01,915.9487,77.01
34.1,916.4078,68.87,34.04,915.9423,77.44
34.13,916.4235,69.26,34.07,915.9515,77.83
34.16,916.4253,69.63,34.07,915.9515,78.42
34.18,916.4127,70.14,34.12,915.9514,78.64
34.2,916.4088,70.13,34.15,915.9394,78.79
34.22,916.4222,70.3,34.17,915.948,78.8
34.23,916.3811,70.27,34.19,915.9437,78.91
34.23,916.4208,70,34.2,915.9673,78.5
34.22,916.3906,69.04,34.2,915.9423,77.74
34.18,916.4285,67.87,34.17,915.9559,76.91
34.13,916.4269,66.63,34.09,915.9467,75.14
34.02,916.4302,64.91,34.05,915.9309,74.26
34.02,916.4272,63.88,34,915.9238,73.43
33.92,916.4228,62.04,33.94,915.9562,72.27
33.88,916.4345,62.33,33.91,915.993,72.71
33.84,916.4345,62.33,33.91,915.993,72.71
33.82,916.4228,62.93,33.9,915.9559,73.87
33.82,916.4108,63.76,33.9,915.948,74.42
33.84,916.4138,64.52,33.91,915.9659,75
33.86,916.4115,65.28,33.93,915.9583,75.6
33.89,916.3926,65.93,33.95,915.9472,75.59
33.92,916.3801,66.56,33.97,915.9588,76.52
33.96,916.4091,67.15,34,915.9331,76.52
34,916.4115,67.66,34.03,915.9514,76.89
34.03,916.4278,68.19,34.06,915.9581,77.25
34.06,916.4226,68.57,34.08,915.9387,77.69
34.09,916.4053,68.95,34.1,915.9594,77.94
34.12,916.4419,69.3,34.12,915.9468,78.23
34.14,916.4084,69.39,34.14,915.9391,78.43
34.15,916.4244,69.39,34.17,915.9719,78.51
34.15,916.4072,69.07,34.18,915.968,78.36
34.15,916.4072,69.07,34.18,915.968,77.04
34.1,916.4444,67.17,34.16,915.9705,76.2
34.07,916.4578,66.38,34.13,915.9666,76.21
34.03,916.4536,65.38,34.09,915.9445,75.28
33.99,916.4356,64.46,34.06,915.9586,74.41
33.95,916.4311,63.72,34.02,915.9486,73.54
33.92,916.4009,62.95,33.99,915.9532,72.66
33.89,916.4153,62.33,33.96,915.9606,71.89
33.89,916.4153,62.33,33.96,915.9777,71.16
33.85,916.4073,61.92,33.9,915.9813,71.59
33.85,916.3983,62.54,33.89,915.993,72.3
33.84,916.4105,63.32,33.89,915.9858,72.89
33.84,916.3686,64.08,33.89,915.9778,73.54
33.86,916.3974,64.89,33.91,915.9842,74.13
33.89,916.4061,65.57,33.94,915.9458,74.74
33.91,916.385,66.27,33.96,915.9356,75.35
33.99,916.4266,66.88,33.99,915.9484,75.83
34.02,916.4305,67.42,34.02,915.9534,76.3
34.05,916.3976,67.91,34.05,915.9506,76.77
34.08,916.396,68.41,34.08,915.9487,77.19
34.08,916.396,68.81,34.11,915.9565,77.58
34.11,916.4188,68.82,34.11,915.9509,77.89
34.14,916.4208,69.16,34.13,915.9509,77.89
34.17,916.4241,69.43,34.16,915.9501,78.1
34.18,916.4025,69.51,34.21,915.9558,78.17
34.2,916.4084,69.29,34.21,915.9894,77.63
34.19,916.3801,68.57,34.21,915.9825,76.79
34.16,916.4028,67.44,34.2,915.9771,75.88
34.06,916.4261,65.15,34.12,915.9707,74.98
34.01,916.4106,63.97,34.08,915.9425,74.14
34.01,916.4106,62.28,34,915.9653,72.26
33.91,916.4508,61.45,33.97,915.9681,71.47
33.87,916.4153,60.89,33.94,915.9703,70.82
33.84,916.4048,61.39,33.91,915.9902,71.37
33.82,916.372,62.13,33.89,915.9799,71.96
33.8,916.3833,62.12,33.89,915.9833,72.65
33.81,916.3909,62.97,33.9,915.9639,73.25
33.83,916.3694,63.78,33.92,915.9977,73.92
33.86,916.3836,64.64,33.92,915.9749,74.52
33.89,916.377,65.36,33.95,915.9247,75.14
33.92,916.3722,66.08,33.97,915.9626,75.64
33.96,916.392,66.66,34,915.9497,76.09
34.01,916.416,67.32,34.03,915.952,76.1
34.01,916.416,67.81,34.07,915.9492,76.48
34.05,916.4077,67.82,34.09,915.9193,77.01
34.08,916.382,68.27,34.09,915.9458,77.3
34.1,916.394,68.62,34.12,915.9458,77.3
34.1,916.394,69.1,34.15,915.9442,78.01
34.16,916.4185,69.38,34.18,915.9269,78.17
34.18,916.4059,69.47,34.21,915.9354,78.22
34.19,916.3978,69.47,34.22,915.9495,77.95
34.19,916.4138,69.2,34.23,915.9699,77.28
34.18,916.4333,68.67,34.23,915.9623,77.28
34.18,916.4333,68.67,34.17,915.948,75.55
34.12,916.3934,66.96,34.13,915.9523,74.61
34.06,916.4017,64.94,34.05,915.9402,72.68
34.02,916.4232,64.03,34.01,915.9476,71.84
33.98,916.412,63.25,33.98,915.9865,71.01
33.95,916.4172,62.62,33.95,916.0008,71.41
33.92,916.3979,62.97,33.95,916.0008,71.41
33.92,916.3979,62.97,33.93,915.9981,72.67
33.9,916.3755,64.35,33.92,915.9822,72.67
33.92,916.3923,65.13,33.93,915.9984,73.32
33.94,916.408,65.79,33.95,915.98,73.98
33.94,916.4117,66.54,33.97,915.955,74.59
34.01,916.3969,67.67,34.02,915.9819,75.71
34.04,916.406,67.67,34.06,915.9651,76.19
34.08,916.408,68.57,34.08,915.9564,76.62
34.11,916.3769,68.95,34.11,915.9573,77.01
34.13,916.413,68.95,34.14,915.9558,77.44
34.16,916.4045,69.33,34.17,915.9459,77.76
34.18,916.4059,69.63,34.2,915.962,78.02
34.2,916.416,69.86,34.22,915.9402,78.23
34.22,916.4169,69.89,34.22,915.9286,78.21
34.23,916.407,69.63,34.24,915.9286,78.21
34.23,916.4105,69.17,34.24,915.9394,77.77
34.22,916.3958,69.17,34.24,915.9841,76.21
34.16,916.4426,67.67,34.21,915.9461,75.29
34.16,916.4756,66.84,34.17,915.9411,75.29
34.13,916.4366,66.13,34.12,915.9278,74.39
34.06,916.4503,64.58,34.05,915.9641,72.6
34.03,916.4414,63.78,34.01,915.975,71.79
34,916.4292,63.78,33.97,915.9855,71.61
33.96,916.4006,63.86,33.95,915.9706,72.27
33.94,916.4097,64.39,33.95,915.9696,72.89
33.94,916.4113,65.07,33.95,915.9648,73.59
33.94,916.4135,65.74,33.96,915.9824,74.25
33.97,916.394,66.5,33.99,915.9581,74.91
34,916.4171,67.22,34.02,915.9462,75.52
34.05,916.4079,67.83,34.02,915.9462,76.11
34.05,916.4005,68.42,34.06,915.9515,76.11
34.14,916.3912,68.83,34.13,915.9339,76.93
34.18,916.39,69.19,34.16,915.9539,77.25
34.2,916.4036,69.31,34.19,915.9309,77.39
34.22,916.3993,69.31,34.21,915.9597,77.22
34.21,916.4113,68.98,34.21,915.9648,76.64
34.2,916.407,68.29,34.19,915.9568,75.84
34.17,916.4155,67.41,34.19,915.9568,75.84
34.09,916.4283,65.21,34.07,915.927,73.01
34.04,916.4338,64.07,34.03,915.9797,72.39
33.99,916.4289,63.7,34,915.965,72.87
33.95,916.4122,64.16,33.98,915.9592,73.54
33.93,916.3903,64.91,33.98,915.9816,74.18
33.93,916.3904,65.59,33.98,915.9816,74.18
33.95,916.3929,66.33,34.01,915.9545,75.38
33.99,916.4285,66.97,34.04,915.9617,75.96
34.02,916.4113,67.64,34.07,915.9512,76.44
34.05,916.4081,68.2,34.1,915.968,76.92
34.09,916.416,68.68,34.13,915.9582,77.35
34.12,916.4109,69.1,34.17,915.9705,77.75
34.16,916.4097,69.47,34.2,915.9534,78.01
34.19,916.3942,69.79,34.23,915.9602,78.25
34.22,916.4166,69.99,34.23,915.9602,78.37
34.23,916.3842,69.88,34.24,915.9377,77.98
34.2,916.4227,68.56,34.25,915.9308,76.3
34.2,916.4135,67.54,34.23,915.9949,75.46
34.17,916.416,66.46,34.19,915.9422,74.52
34.07,916.4166,65.54,34.1,915.9628,72.64
33.98,916.4158,63.6,34.03,915.9774,71.74
33.93,916.4006,62.53,33.99,915.9813,71.16
33.9,916.4083,62.44,33.96,915.9924,71.64
33.87,916.3997,63.13,33.96,915.9852,72.46
33.86,916.4202,63.88,33.95,915.9855,73.16
33.87,916.4155,64.69,33.95,915.9302,73.87
33.87,916.4155,64.69,33.96,915.9492,73.87
33.89,916.3917,66.22,34.01,915.93,75.15
33.97,916.4155,66.86,34.04,915.9406,75.76
34.02,916.418,67.48,34.07,915.9478,76.24
34.06,916.4189,68.03,34.11,915.9635,76.75
34.09,916.4037,68.53,34.13,915.9586,77.23
34.13,916.4233,68.98,34.17,915.948,77.57
34.16,916.394,69.33,34.17,915.9791,78.08
34.18,916.4077,69.69,34.23,915.9353,78.19
34.2,916.402,69.52,34.25,915.9581,77.81
34.21,916.4094,69.52,34.26,915.9573,77.81
34.2,916.4246,68.98,34.25,915.955,76.25
34.18,916.4369,68.17,34.23,915.9274,75.35
34.14,916.41,67.4,34.19,915.9472,75.35
34.1,916.4281,65.61,34.11,915.9174,73.5
34.02,916.4255,64.46,34.07,915.9416,72.61
33.98,916.4138,63.27,34.04,915.9666,71.75
33.92,916.4296,62.58,34.01,915.9604,71.48
33.89,916.4459,62.65,33.98,915.9675,71.73
33.86,916.399,63.23,33.97,915.9692,72.39
33.85,916.4125,63.99,33.96,915.963,73.1
33.86,916.4132,64.82,33.98,915.9615,73.72
33.89,916.4188,65.66,34,915.9508,74.47
33.93,916.3864,66.41,34.03,915.9641,75.09
33.98,916.3895,67.08,34.06,915.9641,75.68
34.03,916.4088,67.74,34.1,915.94,76.18
34.07,916.4146,68.24,34.13,915.9406,76.69
34.11,916.3979,69.13,34.16,915.9263,77.45
34.14,916.395,69.12,34.2,915.9832,77.45
34.17,916.4016,69.62,34.25,915.9761,78.01
34.21,916.418,69.62,34.27,915.952,77.96
34.21,916.3833,69.33,34.27,915.9476,77.39
34.19,916.4189,68.76,34.26,915.967,76.6
34.17,916.4105,67.95,34.23,915.9606,75.72
34.14,916.3962,67.08,34.19,915.9576,74.83
34.14,916.3962,67.08,34.19,915.9631,72.95
33.99,916.4684,63.98,34,915.9764,72.44
33.95,916.4066,64.6,34,915.9633,73.13
33.92,916.3811,65.26,33.99,915.967,73.76
33.93,916.4003,65.27,33.99,915.967,73.76
33.94,916.3633,66.68,34.03,915.976,75.02
34.02,916.3833,67.28,34.06,915.9603,75.58
34.05,916.4303,67.84,34.09,915.9348,76.13
34.08,916.394,68.33,34.12,915.9233,76.55
34.11,916.4048,68.76,34.15,915.9533,77.01
34.14,916.4119,69.2,34.18,915.9614,77.4
34.17,916.4014,69.47,34.21,915.9444,77.76
34.17,916.4014,69.79,34.24,915.9598,78.05
34.19,916.4029,69.79,34.26,915.9598,78.31
34.21,916.4,70.1,34.28,915.9548,78.5
34.23,916.3931,70.13,34.29,915.9274,78.54
34.24,916.4041,70.13,34.29,915.9655,78.4
34.23,916.4004,69.48,34.29,915.952,78.02
34.22,916.3925,69.48,34.29,915.9589,77.49
34.2,916.3741,68.94,34.28,915.9589,76.81
34.17,916.395,67.84,34.26,915.9663,76.81
34.17,916.4156,66.52,34.24,915.9719,75.98
34.09,916.4192,65.36,34.2,915.9381,75.17
34.03,916.4067,64.13,34.17,915.9283,74.3
33.97,916.3839,62.92,34.13,915.9838,73.37
33.92,916.3826,62.02,34.1,915.9957,72.67
33.92,916.3879,61.21,34.07,915.9775,72
33.87,916.3879,61.65,34.04,915.9808,72.4
33.84,916.3894,61.64,34.04,915.9808,73
33.83,916.3972,62.44,34.03,915.9476,73
33.83,916.3903,63.25,34.03,915.9426,74.27
33.86,916.3714,64.14,34.04,915.9433,74.91
33.89,916.3699,64.95,34.06,915.9191,75.48
33.93,916.4003,65.68,34.08,915.9533,76.02
33.97,916.405,66.34,34.11,915.9517,76.48
34.02,916.4006,66.9,34.14,915.954,76.49
34.02,916.4006,66.9,34.18,915.9663,76.96
34.05,916.3525,67.95,34.2,915.9486,77.31
34.09,916.407,67.95,34.23,915.9623,77.68
34.12,916.3722,68.43,34.23,915.9532,77.98
34.15,916.4005,68.75,34.25,915.9691,78.21
34.17,916.4194,69.02,34.28,915.9691,78.21
34.19,916.4048,69.11,34.29,915.952,78.29
34.19,916.4189,68.87,34.3,915.9567,78.11
34.19,916.4044,68.23,34.3,915.9672,77.54
34.17,916.4534,66.49,34.27,915.9656,75.99
34.14,916.4137,66.49,34.27,915.9775,75.1
34.11,916.3544,65.51,34.24,916.0051,74.14
34.07,916.4111,64.4,34.2,915.9929,73.19
34.04,916.4158,63.21,34.15,916.009,72.29
33.93,916.4037,61.18,34.08,915.9869,71.7
33.89,916.4147,61.41,34.05,915.9412,72.3
33.86,916.3575,62.89,34.02,915.9486,72.92
33.87,916.365,63.76,34.03,915.9444,73.67
33.96,916.3661,66.04,34.13,915.9229,76.06
34.05,916.3958,67.67,34.2,915.9791,76.95
34.08,916.356,68.15,34.22,915.97,77.4
34.13,916.3768,68.88,34.26,915.9636,78
34.16,916.3906,69.04,34.29,915.9478,78.28
34.18,916.3918,69.06,34.3,915.9454,78.27
34.19,916.3822,69.06,34.31,915.9484,78.11
34.19,916.3752,68.76,34.3,915.9437,76.96
34.16,916.4099,67.75,34.27,915.9417,76.07
34.14,916.4137,66.67,34.24,915.9764,75.17
34.1,916.4336,65.89,34.21,915.9627,74.26
34.06,916.4086,64.94,34.16,915.9556,73.37
34.02,916.4165,63.97,34.12,915.9347,72.39
33.98,916.4192,62.91,34.12,915.975,71.49
33.94,916.4235,62.12,34.09,915.9675,71.69
33.9,916.4227,63.08,34.04,915.9651,72.31
33.89,916.3814,63.82,34.03,915.952,73.03
33.88,916.3892,64.63,34.04,915.9738,73.67
33.9,916.3892,65.32,34.06,915.9814,74.35
33.92,916.3672,65.99,34.08,915.9446,74.94
33.95,916.407,66.69,34.11,915.9846,75.56
33.99,916.3872,66.69,34.14,915.9329,76.07
34.03,916.4031,67.25,34.14,915.9625,76.57
34.06,916.412,67.74,34.21,915.9455,77.01
34.09,916.4109,68.17,34.24,915.9738,77.37
34.12,916.4071,68.61,34.26,915.9684,77.72
34.15,916.4124,68.91,34.26,915.9684,78
34.18,916.4108,69.24,34.29,915.9267,78.21
34.19,916.3928,69.32,34.3,915.9533,78.21
34.2,916.3895,69.2,34.32,915.9522,78.21
34.2,916.3754,68.92,34.33,915.9553,77.23
34.18,916.416,68.34,34.31,915.9675,76.36
34.16,916.4253,67.56,34.27,915.9701,75.47
34.13,916.373,66.46,34.24,915.9533,74.54
34.1,916.4091,65.28,34.21,915.942,73.57
34.06,916.4174,64.18,34.21,915.942,73.57
34.06,916.4174,64.18,34.16,915.9377,72.72
33.97,916.3962,62.23,34.09,915.9871,71.77
33.93,916.3884,62.4,34.07,915.9547,72.35
33.91,916.3956,63.12,34.06,915.9297,72.96
33.91,916.3713,63.85,34.06,915.9453,73.67
33.92,916.3533,64.62,34.07,915.9492,74.34
33.95,916.3881,65.34,34.08,915.9664,74.96
33.95,916.3881,65.34,34.1,915.9355,74.97
34.03,916.4196,67.26,34.17,915.9664,76.56
34.1,916.4028,68.21,34.23,915.9727,77.4
34.13,916.4274,68.64,34.26,915.9573,77.73
34.17,916.4426,68.92,34.28,915.9361,77.73
34.19,916.4426,69.21,34.3,915.9602,78.03
34.21,916.413,69.21,34.33,915.9615,78.27
34.24,916.3989,69.14,34.35,915.9624,78.22
34.24,916.3989,69.14,34.35,915.9731,77.83
34.23,916.3688,68.85,34.34,915.9272,77.11
34.22,916.3993,68.07,34.32,915.9522,76.27
34.19,916.4016,67.26,34.29,915.9537,75.28
34.16,916.3802,66.16,34.26,915.9625,74.38
34.12,916.3867,65.14,34.22,915.9595,73.47
34.08,916.4102,64.12,34.18,915.9462,72.48
34.01,916.4125,62.41,34.11,915.9725,71.27
33.97,916.4066,62.41,34.08,915.9547,71.56
33.95,916.3909,62.88,34.08,915.9651,72.1
33.94,916.3979,63.57,34.07,915.9671,72.83
33.95,916.3931,64.31,34.07,915.9433,73.57
33.95,916.3931,65.04,34.07,915.9433,73.57
33.97,916.3547,65.04,34.12,915.9496,74.84
34.04,916.4023,66.46,34.15,915.9467,75.45
34.07,916.3801,67.02,34.19,915.9662,75.98
34.11,916.384,67.57,34.22,915.9506,76.45
34.14,916.3791,68.05,34.25,915.9528,76.97
34.17,916.4156,68.48,34.27,915.9285,77.29
34.2,916.3808,68.85,34.3,915.9838,77.67
34.23,916.412,69.23,34.3,915.9838,77.67
34.23,916.4116,69.5,34.35,915.9399,78.21
34.26,916.4091,69.64,34.36,915.9402,78.29
34.28,916.4135,69.59,34.37,915.9255,78.4
34.28,916.41,69.47,34.38,915.9501,77.98
34.27,916.4178,68.97,34.37,915.9508,77.33
34.24,916.3956,68.15,34.35,915.9423,76.51
34.21,916.4128,67.23,34.35,915.9587,75.7
34.18,916.4108,65.99,34.29,915.9617,74.72
34.14,916.4204,64.91,34.25,915.9462,73.78
34.09,916.416,64.16,34.22,915.9641,72.91
34.06,916.4084,63.32,34.18,915.9649,72.05
34.02,916.4238,62.72,34.14,915.9558,72.16
34,916.4375,63.2,34.12,915.9597,72.8
33.99,916.4129,63.89,34.11,915.9607,73.46
34,916.4258,64.68,34.11,915.9607,73.46
34,916.4258,64.68,34.11,915.9489,74.1
34.05,916.4011,66.1,34.17,915.9861,75.36
34.09,916.3912,66.76,34.2,915.978,75.94
34.12,916.4087,67.29,34.23,915.9695,76.38
34.12,916.39,67.79,34.25,915.9553,76.87
34.15,916.3761,68.25,34.28,915.9641,77.28
34.18,916.3761,68.25,34.28,915.9641,77.28
34.21,916.3868,68.68,34.31,915.9678,77.62
34.23,916.3876,69.28,34.35,915.9568,78.26
34.25,916.3876,69.57,34.35,915.9695,78.46
34.27,916.3628,69.78,34.37,915.9781,78.61
34.29,916.3845,69.78,34.38,915.9106,78.6
34.3,916.3937,69.55,34.4,915.9753,78.3
34.3,916.3937,69.18,34.41,915.9568,77.52
34.29,916.3914,69.18,34.4,915.9417,76.69
34.25,916.3976,67.86,34.36,915.9398,75.77
34.22,916.3769,66.94,34.32,915.9415,74.8
34.19,916.3716,65.98,34.29,915.9492,73.79
34.16,916.3627,65.18,34.25,915.9827,72.84
34.13,916.3972,64.38,34.21,915.9409,71.97
34.1,916.3956,63.55,34.18,915.985,71.15
34.1,916.3956,63.55,34.18,915.985,71.15
34.04,916.3869,63.16,34.12,915.9579,71.49
34.03,916.3948,63.78,34.11,915.9551,72.23
34.03,916.3948,64.55,34.11,915.9327,73.03
34.04,916.3678,65.21,34.13,915.9575,73.67
34.07,916.4146,65.97,34.15,915.9297,74.34
34.1,916.3831,66.6,34.19,915.9483,74.94
34.13,916.3885,67.2,34.22,915.9641,75.54
34.13,916.3885,67.2,34.28,915.9392,76.58
34.19,916.3563,68.59,34.3,915.9495,77.01
34.22,916.368,69.01,34.33,915.9788,77.4
34.24,916.4008,69.29,34.35,915.9734,77.72
34.26,916.3829,69.29,34.35,915.9389,78.04
34.28,916.3772,69.6,34.37,915.9366,78.26
34.31,916.4104,69.87,34.39,915.9355,78.44
34.33,916.4286,69.97,34.41,915.9697,78.44
34.33,916.389,69.63,34.43,915.9755,78.03
34.33,916.434,68.89,34.42,915.9461,77.3
34.31,916.4086,68,34.42,915.9427,76.4
34.29,916.4052,67.99,34.39,915.9623,75.51
34.25,916.37,67.05,34.36,915.9969,74.51
34.21,916.4127,66.18,34.32,915.9432,74.51
34.17,916.3879,65.24,34.29,915.9543,73.57
34.14,916.4047,63.39,34.22,916.0098,71.82
34.11,916.43,63.02,34.18,915.9788,71.75
34.07,916.4405,63.54,34.15,915.9592,72.35
34.04,916.397,63.54,34.15,915.9592,72.35
34.03,916.4017,64.19,34.14,915.9512,73.05
34.04,916.4164,64.98,34.16,915.9688,73.76
34.06,916.412,65.69,34.18,915.9645,74.37
34.09,916.3929,66.36,34.2,915.95,74.97
34.09,916.3929,66.36,34.26,915.9716,76.13
34.18,916.3936,68.36,34.31,915.9543,77.01
34.21,916.3936,68.35,34.31,915.9608,77.4
34.23,916.3914,68.78,34.33,915.9366,77.73
34.25,916.3823,69.14,34.36,915.9752,77.96
34.27,916.382,69.4,34.37,915.9993,77.96
34.29,916.3987,69.61,34.4,915.9773,78.26
34.31,916.4207,69.65,34.42,915.9529,78.02
34.31,916.3983,69.37,34.42,915.9568,78.02
34.3,916.4094,68.78,34.42,915.9565,77.3
34.27,916.4028,68.13,34.4,915.9836,76.41
34.25,916.3959,67.4,34.38,915.9636,75.56
34.22,916.4028,66.58,34.34,915.9508,74.57
34.19,916.4114,65.72,34.3,915.9564,73.6
34.15,916.4319,64.84,34.27,915.9922,72.67
34.13,916.4286,63.74,34.23,915.9786,71.84
34.09,916.4246,63.51,34.2,915.9902,71.71
34.06,916.3967,63.92,34.18,916.0078,72.33
34.06,916.3996,64.6,34.16,915.9522,72.98
34.05,916.4227,65.24,34.17,915.9359,73.75
34.06,916.3845,66.04,34.19,915.9489,74.4
34.08,916.4028,66.59,34.21,915.9758,74.96
34.1,916.3938,67.75,34.27,915.9742,76.12
34.16,916.3904,67.75,34.3,915.9679,76.59
34.18,916.399,68.18,34.32,915.9647,77.01
34.21,916.4095,68.59,34.35,915.9543,77.44
34.23,916.3969,69.3,34.38,915.9476,77.74
34.26,916.3898,69.3,34.39,915.9687,78.03
34.28,916.3755,69.78,34.41,915.97,78.27
34.3,916.3695,69.79,34.43,915.9637,78.35
34.32,916.4227,69.64,34.43,915.9709,78.32
34.32,916.4263,69.23,34.44,915.9661,77.81
34.3,916.4167,68.48,34.43,915.9474,77.01
34.29,916.4122,68.47,34.4,915.9559,76.18
34.26,916.4316,67.69,34.4,915.9587,75.24
34.17,916.4188,64.65,34.3,915.9669,72.44
34.13,916.3989,63.5,34.27,915.9659,71.53
34.09,916.4437,62.47,34.24,915.9702,70.96
34.05,916.4373,61.89,34.2,915.9694,70.96
34.01,916.4506,62.36,34.18,915.9836,71.56
34.01,916.4375,63.21,34.17,915.9733,72.21
34,916.4375,63.98,34.16,915.9556,72.93
34,916.4084,63.98,34.21,915.9791,74.34
34.05,916.4077,65.5,34.23,915.9699,74.99
34.08,916.408,66.21,34.27,915.9777,75.56
34.11,916.3962,66.85,34.29,915.9821,76.04
34.14,916.4242,67.37,34.32,915.9747,76.59
34.17,916.4384,67.79,34.32,915.9603,76.99
34.2,916.4086,68.25,34.34,915.9603,76.99
34.2,916.4138,68.64,34.37,915.964,77.42
34.25,916.4221,68.94,34.39,915.9554,77.88
34.27,916.4127,69,34.41,915.973,77.85
34.27,916.4306,68.9,34.42,915.9588,77.61
34.27,916.4147,68.3,34.42,915.9644,76.96
34.25,916.4099,67.56,34.42,915.9644,76.15
34.22,916.4327,66.35,34.4,915.9462,76.15
34.22,916.4327,66.35,34.35,915.9631,73.23
34.11,916.4363,63.93,34.31,915.9647,73.23
34.11,916.4323,63.07,34.27,915.9372,71.4
34.05,916.4378,62.19,34.24,915.9604,70.65
34.05,916.4116,61.63,34.21,915.9842,70.64
34.02,916.4116,61.63,34.18,916.0012,71.1
34,916.3926,62.04,34.16,915.9741,71.86
33.99,916.3937,62.89,34.16,915.9536,72.54
34,916.3976,64.49,34.17,915.9951,73.28
34.02,916.3798,65.25,34.2,915.9687,73.98
34.07,916.3904,66.58,34.26,915.9995,75.22
34.1,916.3923,66.58,34.29,915.9703,75.8
34.14,916.4104,67.11,34.31,915.9702,76.32
34.17,916.4052,67.66,34.35,915.9486,76.75
34.2,916.4003,68.15,34.37,915.9578,77.13
34.23,916.3947,68.5,34.39,915.9691,77.43
34.25,916.4204,68.85,34.39,915.9534,77.73
34.27,916.3956,69.13,34.41,915.9419,78.03
34.29,916.395,69.37,34.42,915.9246,78.17
34.3,916.4061,69.42,34.44,915.9338,78.1
34.3,916.3836,69.08,34.45,915.9453,78.1
34.3,916.3836,67.26,34.45,915.9412,76.31
34.22,916.3942,66.44,34.43,915.9412,75.4
34.22,916.3645,65.62,34.4,915.9369,75.4
34.19,916.4583,64.46,34.36,915.9442,74.46
34.11,916.4692,62.15,34.29,915.9537,72.57
34.07,916.4113,61.32,34.27,915.9708,71.58
34.03,916.4517,61.32,34.23,915.973,71.17
33.98,916.4091,61.47,34.23,915.973,71.79
33.96,916.3814,62.16,34.2,915.9774,72.46
33.95,916.3844,63.02,34.2,915.9822,73.25
33.97,916.3801,63.88,34.22,915.9918,73.86
34,916.4011,64.66,34.24,916.0031,74.57
34.03,916.4066,65.42,34.26,915.9684,75.13
34.06,916.4105,66.13,34.32,915.9778,76.7
34.13,916.4061,67.81,34.35,915.9769,76.7
34.16,916.4255,67.81,34.38,915.9615,77.12
34.19,916.3911,68.21,34.4,915.9662,77.45
34.22,916.3613,68.94,34.42,915.9634,77.78
34.25,916.3647,69.23,34.44,915.9487,78.07
34.26,916.3846,69.41,34.46,915.9708,78.29
34.28,916.4119,69.41,34.47,915.9534,78.41
34.3,916.4285,69.39,34.48,915.9658,77.97
34.29,916.4295,68.76,34.48,915.9437,77.16
34.27,916.4304,68.1,34.45,915.9646,76.39
34.25,916.4342,67.34,34.42,915.9548,75.35
34.22,916.4133,66.53,34.38,915.959,74.35
34.19,916.4294,65.59,34.35,915.9523,73.37
34.17,916.4256,64.76,34.35,915.9581,72.37
34.12,916.4296,63.43,34.25,915.9944,72.06
34.09,916.4713,64.03,34.22,915.9824,72.75
34.07,916.4094,64.69,34.21,915.9637,73.42
34.07,916.3834,65.39,34.22,915.9489,74.12
34.09,916.3964,66.18,34.24,915.9533,74.73
34.1,916.4219,66.18,34.26,915.9875,75.88
34.16,916.3716,67.81,34.31,915.9318,75.88
34.19,916.4012,67.82,34.34,915.9403,76.4
34.22,916.4099,68.27,34.37,915.9587,76.9
34.25,916.389,69.09,34.39,915.9494,77.61
34.27,916.3917,69.09,34.41,915.9371,77.6
34.29,916.4093,69.44,34.44,915.9508,77.95
34.32,916.4387,69.67,34.46,915.9514,78.21
34.34,916.4239,69.81,34.48,915.9444,78.31
34.34,916.4031,69.73,34.48,915.9495,78.25
34.34,916.4105,69.35,34.49,915.9142,77.78
34.34,916.4089,68.78,34.5,915.9356,77.01
34.33,916.3974,68.07,34.48,916.0002,76.15
34.3,916.3834,67.19,34.45,915.9906,75.19
34.27,916.3783,67.18,34.42,915.945,75.19
34.23,916.3622,66.29,34.39,915.9528,73.21
34.18,916.4177,64.26,34.32,915.9792,72
34.14,916.4557,63.39,34.28,915.9863,72.58
34.11,916.4119,63.64,34.25,915.9615,72.59
34.09,916.4194,64.3,34.24,915.9875,73.23
34.09,916.4177,65,34.25,915.9698,73.82
34.1,916.4231,65.66,34.26,915.975,74.48
34.12,916.4092,66.27,34.28,915.9886,75.69
34.18,916.3917,68.04,34.33,915.9543,76.72
34.21,916.3972,68.48,34.36,915.9163,77.11
34.23,916.4142,68.91,34.39,915.9178,77.49
34.26,916.4177,69.22,34.41,915.9247,77.85
34.29,916.3811,69.21,34.43,915.9588,77.85
34.31,916.4121,69.77,34.46,915.9734,78.36
34.33,916.3977,69.77,34.48,915.9475,78.5
34.35,916.4125,69.87,34.5,915.9803,78.46
34.36,916.3942,69.87,34.51,915.9803,78.46
34.35,916.4077,69.58,34.51,915.9656,78.24
34.34,916.4398,68.91,34.51,915.9615,77.6
34.32,916.4316,68.2,34.49,915.9589,76.71
34.29,916.4191,67.39,34.45,915.9459,75.77
34.29,916.3897,66.56,34.43,915.972,74.87
34.26,916.3897,65.67,34.39,915.9632,74
34.2,916.3969,64.91,34.36,915.9866,73.12
34.18,916.4144,64.14,34.32,915.9799,72.32
34.15,916.407,63.38,34.29,915.9966,71.4
34.13,916.4372,63.09,34.26,915.9719,71.64
34.11,916.4429,63.56,34.25,915.9807,72.39
34.11,916.4097,64.32,34.25,915.9647,73.03
34.11,916.3997,65.66,34.28,915.9652,74.43
34.13,916.4059,65.66,34.28,915.9693,75.02
34.15,916.4283,66.31,34.29,915.9405,75.57
34.17,916.4228,67.46,34.31,915.9867,76.07
34.2,916.4032,67.46,34.35,915.9615,76.58
34.23,916.3686,67.97,34.36,915.9576,77
34.25,916.3787,68.42,34.4,915.9576,77.39
34.31,916.3981,69.16,34.44,915.9494,77.76
34.33,916.3942,69.44,34.46,915.9777,78.05
34.33,916.3837,69.76,34.49,915.9797,78.37
34.35,916.3864,69.98,34.5,915.9522,78.55
34.37,916.3862,70.1,34.52,915.9705,78.74
34.38,916.4147,69.98,34.53,915.9648,78.73
34.39,916.4257,69.98,34.53,915.9648,78.73
34.37,916.3999,69.28,34.54,915.9756,77.44
34.35,916.402,68.65,34.52,915.9768,76.59
34.33,916.4375,68.02,34.51,915.9797,75.66
34.27,916.4462,66.2,34.43,915.9744,73.85
34.24,916.4199,65.29,34.4,915.9736,72.95
34.21,916.4615,64.41,34.37,915.9657,72.96
34.13,916.4324,63.23,34.29,915.9777,72.13
34.12,916.4127,63.85,34.28,915.9916,72.78
34.13,916.4202,64.6,34.28,916.0002,73.5
34.13,916.3781,65.4,34.3,916.0042,74.19
34.15,916.385,66.05,34.31,915.9752,74.83
34.18,916.43,66.72,34.34,916.0002,75.4
34.21,916.3762,67.25,34.37,915.9796,75.94
34.23,916.4087,67.25,34.4,915.9954,76.44
34.26,916.3778,68.22,34.42,915.96,76.88
34.29,916.4005,68.65,34.44,915.9494,77.31
34.32,916.4077,69.05,34.46,915.9853,77.69
34.35,916.402,69.05,34.46,915.9814,77.99
34.37,916.4384,69.34,34.49,915.9814,77.99
34.4,916.3792,69.66,34.51,915.9841,78.27
34.42,916.4152,69.9,34.53,916.0072,78.62
34.43,916.4021,69.88,34.55,916.0016,78.52
34.43,916.378,69.68,34.56,915.9679,78.27
34.42,916.3878,69.31,34.56,915.9855,77.67
34.4,916.3741,68.82,34.55,916.0036,76.87
34.38,916.4302,68.16,34.53,915.9732,76.05
34.36,916.3819,67.47,34.51,915.9824,76.06
34.33,916.4564,66.02,34.44,915.9741,74.34
34.3,916.4303,65.28,34.41,915.9627,73.54
34.27,916.4512,64.5,34.38,915.9861,72.76
34.25,916.4225,64.82,34.36,916.009,73.19
34.23,916.4364,65.31,34.34,915.9877,73.75
34.22,916.4253,65.92,34.34,915.9981,74.36
34.22,916.4166,66.49,34.35,916.0081,74.98
34.23,916.3931,66.5,34.35,916.0081,75.65
34.25,916.3856,67.11,34.39,916.0016,76.14
34.27,916.3923,67.74,34.41,915.9804,76.59
34.3,916.4077,68.16,34.44,915.9872,77.06
34.33,916.4496,68.99,34.46,915.9767,77.5
34.36,916.4356,69.33,34.49,915.9891,77.87
34.38,916.4233,69.68,34.51,915.9761,78.21
34.4,916.4281,69.67,34.51,915.9761,78.21
34.43,916.3935,69.86,34.55,915.9329,78.5
34.44,916.3956,69.67,34.57,915.9504,78.28
34.43,916.4177,69.11,34.57,915.9484,77.75
34.41,916.4338,68.24,34.57,915.9703,76.99
34.38,916.4667,67.43,34.53,915.9604,76.18
34.34,916.4489,66.52,34.5,915.9658,75.39
34.31,916.4224,65.57,34.5,915.9658,75.39
34.27,916.4286,64.62,34.44,915.9556,73.41
34.24,916.4303,63.58,34.4,915.96,72.51
34.21,916.4439,62.52,34.37,915.9886,71.58
34.17,916.4486,61.68,34.34,915.9842,70.82
34.13,916.4651,61.06,34.31,915.9807,71.45
34.08,916.4342,62.52,34.3,915.981,72.99
34.09,916.4402,63.43,34.3,915.9772,73.68
34.11,916.4069,64.98,34.35,915.9956,75.01
34.17,916.3702,65.74,34.36,915.9651,75.65
34.2,916.3931,66.41,34.39,915.9511,76.15
34.23,916.3898,66.99,34.41,915.9683,76.62
34.27,916.3954,67.54,34.44,915.9758,76.63
34.27,916.3954,67.54,34.47,915.9583,77.41
34.33,916.3752,68.63,34.52,915.9785,77.73
34.35,916.4112,68.62,34.54,915.9777,77.83
34.37,916.4468,68.44,34.55,915.9758,77.83
34.37,916.4346,68.03,34.55,915.9741,76.96
34.35,916.4351,67.46,34.55,915.9773,76.23
34.33,916.4392,66.73,34.53,915.9867,75.42
34.33,916.4392,65.91,34.5,915.9695,75.43
34.28,916.4222,65.03,34.44,915.9792,73.71
34.26,916.4191,62.92,34.42,915.9894,72.94
34.22,916.4102,61.98,34.38,915.9747,72.15
34.19,916.4033,61.99,34.36,915.9835,71.38
34.16,916.4272,61.26,34.33,916.0058,71.44
34.14,916.4344,61.61,34.31,915.9626,72.04
34.12,916.4283,62.42,34.31,915.973,72.81
34.14,916.3982,64.03,34.32,915.9401,74.08
34.17,916.3808,64.8,34.34,915.9341,74.73
34.17,916.3928,65.53,34.36,915.9422,75.33
34.2,916.3702,66.2,34.38,915.9331,75.82
34.22,916.3776,66.76,34.41,915.9673,76.33
34.26,916.3911,67.31,34.43,915.9641,76.78
34.28,916.3911,67.31,34.46,915.9816,77.16
34.34,916.4055,68.18,34.49,915.9752,77.16
34.34,916.4055,68.63,34.51,915.9772,77.79
34.37,916.4101,69.02,34.53,915.9521,77.79
34.39,916.4101,69.12,34.55,915.972,78.33
34.41,916.3855,69.19,34.57,915.9849,78.33
34.42,916.421,69.11,34.58,915.9799,78.39
34.43,916.4247,69.11,34.59,915.9708,78.01
34.41,916.432,68.66,34.59,915.9753,77.37
34.39,916.424,67.95,34.57,916.0039,76.49
34.37,916.4453,67.29,34.54,915.9534,75.64
34.34,916.4227,66.55,34.51,915.965,74.7
34.31,916.4156,65.61,34.48,915.9888,73.8
34.28,916.3909,64.51,34.44,915.9835,72.92
34.24,916.4062,63.58,34.41,915.9938,71.59
34.18,916.3937,62.61,34.38,915.9972,72.14
34.18,916.4372,63.13,34.36,915.9554,72.81
34.16,916.3976,63.91,34.35,915.9576,73.47
34.16,916.4156,64.72,34.35,915.9481,74.17
34.17,916.4501,65.45,34.37,915.9878,74.79
34.22,916.4081,66.01,34.39,915.9878,75.4
34.22,916.4081,66.62,34.44,915.9765,75.92
34.28,916.41,67.21,34.46,915.9694,76.42
34.3,916.4011,67.73,34.46,915.9694,76.42
34.3,916.4011,68.14,34.49,915.9921,77.28
34.34,916.3702,68.54,34.52,915.9573,77.68
34.36,916.3839,68.91,34.54,915.9313,78.03
34.39,916.4012,69.28,34.56,915.9342,78.3
34.41,916.4221,69.42,34.59,915.9684,78.3
34.43,916.4545,69.5,34.62,915.9838,78.46
34.45,916.4246,69.33,34.63,915.9899,78.19
34.44,916.4135,68.45,34.62,915.9664,77.38
34.42,916.4169,67.26,34.6,915.96,76.47
34.38,916.4285,66.23,34.57,915.9542,75.55
34.34,916.44,65.26,34.53,915.9355,74.58
34.29,916.4285,64.2,34.5,915.9432,73.68
34.25,916.4397,61.98,34.43,915.9581,71.87
34.17,916.4332,61.16,34.4,915.9677,71.02
34.17,916.4498,60.82,34.37,915.9744,71.13
34.14,916.4188,61.37,34.35,915.9628,71.76
34.1,916.4426,62.25,34.34,915.9603,72.52
34.11,916.4171,63.12,34.35,915.9801,73.13
34.13,916.4007,63.85,34.36,915.9512,73.85
34.16,916.4131,64.66,34.39,915.9438,75.15
34.19,916.415,66.09,34.41,915.9156,75.71
34.22,916.3995,66.71,34.44,915.949,76.19
34.25,916.3631,67.24,34.46,915.9766,76.7
34.28,916.358,67.72,34.49,915.9958,77.14
34.32,916.4088,67.72,34.52,915.9958,77.54
34.34,916.4228,68.22,34.54,915.9358,77.54
34.37,916.4261,68.62,34.56,915.9824,77.87
34.4,916.4242,69.01,34.58,915.9695,78.2
34.42,916.405,69.28,34.6,915.9673,78.44
34.44,916.4236,69.48,34.62,915.9453,78.7
34.45,916.4158,69.46,34.63,915.9677,78.64
34.45,916.4208,69.27,34.64,915.9587,78.49
34.45,916.4047,68.94,34.65,915.9711,78.06
34.44,916.4047,68.94,34.65,915.9711,77.29
34.43,916.4125,68.42,34.63,915.9653,77.29
34.41,916.4543,66.77,34.6,915.9615,75.6
34.38,916.4647,65.66,34.57,915.9645,74.69
34.35,916.4213,65.66,34.54,915.9645,74.69
34.31,916.4208,64.63,34.51,915.9373,73.75
34.27,916.4197,63.61,34.47,915.9656,72.9
34.27,916.4197,63.61,34.47,915.9656,72.9
34.24,916.4387,62.4,34.44,915.928,71.96
34.2,916.4401,61.38,34.38,915.9931,71.62
34.13,916.4148,61.38,34.37,915.9931,71.62
34.12,916.4004,62.21,34.36,915.9661,72.35
34.13,916.4007,63.11,34.37,915.9813,73.12
34.13,916.4007,63.11,34.37,915.9813,73.12
34.15,916.4035,63.92,34.38,915.966,73.79
34.18,916.4091,64.75,34.4,915.9666,74.48
34.2,916.4227,65.48,34.42,915.9326,75.05
34.2,916.4227,65.48,34.42,915.9414,75.69
34.23,916.4142,66.16,34.45,915.9414,76.63
34.33,916.429,67.72,34.53,915.9472,76.94
34.33,916.429,67.72,34.53,915.923,77.27
34.36,916.4149,68.06,34.55,915.9534,77.27
34.38,916.4075,68.2,34.57,915.9592,77.39
34.38,916.4075,67.98,34.58,915.9515,77.32
34.38,916.4286,67.42,34.58,915.947,76.82
34.37,916.3969,66.8,34.57,915.9568,75.11
34.33,916.4186,66.08,34.55,915.9568,75.11
34.31,916.4066,65.2,34.52,915.9428,74.15
34.31,916.4066,64.34,34.49,915.9644,73.16
34.27,916.4427,63.55,34.46,915.967,72.17
34.25,916.41,62.76,34.42,915.9589,71.23
34.23,916.3981,62.76,34.42,915.9589,71.23
34.19,916.4172,61.93,34.39,915.976,70.38
34.18,916.4022,61.84,34.36,915.9702,71.21
34.16,916.3992,63.21,34.34,915.9802,71.99
34.15,916.3867,63.96,34.34,915.962,72.73
34.17,916.4048,64.76,34.36,915.9685,73.48
34.18,916.3901,65.43,34.38,915.9394,74.15
34.2,916.402,66.12,34.41,915.9367,74.84
34.23,916.3969,66.13,34.41,915.9681,75.43
34.26,916.4194,66.74,34.44,915.9681,75.43
34.3,916.4269,67.34,34.5,915.9609,76.48
34.36,916.4152,68.28,34.53,915.9597,76.95
34.36,916.4152,68.75,34.55,915.9554,77.29
34.39,916.4219,69.15,34.59,915.9579,77.68
34.41,916.4272,69.35,34.61,915.9572,78.07
34.44,916.4324,69.71,34.63,915.9515,78.41
34.46,916.4252,69.71,34.63,915.9515,78.41
34.48,916.3862,69.92,34.67,915.9551,78.73
34.49,916.3889,70,34.68,915.946,78.67
34.5,916.4031,69.34,34.68,915.9688,78.21
34.5,916.41,68.26,34.67,915.9464,77.41
34.44,916.4166,67.02,34.64,915.9472,75.67
34.39,916.4515,65.74,34.61,915.9922,74.79
34.33,916.4236,64.92,34.57,915.9352,74.79
34.33,916.4221,63.98,34.53,915.9542,73.76
34.28,916.4221,63.13,34.5,915.9359,72.82
34.24,916.4166,62.33,34.46,915.9465,71.9
34.22,916.432,61.74,34.42,915.9835,71.28
34.18,916.4166,62.14,34.4,915.9608,71.75
34.16,916.4131,62.85,34.38,915.967,72.53
34.15,916.3951,63.69,34.38,915.9892,73.18
34.15,916.392,63.7,34.38,915.9892,73.89
34.17,916.3967,64.53,34.39,915.9667,73.89
34.2,916.3947,65.98,34.43,915.9606,75.16
34.23,916.407,66.65,34.45,915.9562,75.74
34.26,916.3533,67.23,34.49,915.9523,76.26
34.33,916.3681,68.22,34.54,915.9714,77.28
34.36,916.3923,68.72,34.57,915.9748,77.61
34.39,916.3923,68.72,34.59,915.9556,77.9
34.42,916.3666,68.99,34.59,915.9556,78.18
34.43,916.392,69.22,34.63,915.9498,78.31
34.45,916.3738,69.25,34.64,915.9725,78.25
34.45,916.3912,69.19,34.64,915.9813,77.93
34.44,916.4047,68.86,34.63,915.9518,77.2
34.42,916.3724,68.16,34.63,915.968,76.38
34.4,916.3932,67.33,34.61,915.968,76.38
34.4,916.3932,67.33,34.58,915.9698,75.53
34.3,916.4008,64.51,34.51,916.0072,72.8
34.27,916.4074,63.66,34.48,915.9579,71.92
34.24,916.4302,62.87,34.44,915.949,71.92
34.21,916.4373,62.36,34.41,915.9523,71.33
34.19,916.4138,62.86,34.39,915.9667,71.96
34.19,916.4149,63.61,34.38,915.9581,72.65
34.19,916.4149,64.43,34.4,915.9451,74.09
34.24,916.3728,65.89,34.42,915.9397,75.38
34.36,916.3873,68.14,34.53,915.9137,77.33
34.39,916.3666,68.55,34.56,915.9668,77.33
34.39,916.3666,68.55,34.58,915.9628,77.62
34.42,916.3696,69.11,34.61,915.9554,77.94
34.44,916.3644,68.95,34.62,915.9348,77.93
34.45,916.4156,68.33,34.63,915.9411,77.72
34.44,916.4275,67.7,34.63,915.9484,77.06
34.42,916.4366,66.8,34.61,915.9526,76.26
34.4,916.4036,66.8,34.58,915.9352,75.25
34.36,916.396,65.71,34.55,915.9343,74.25
34.26,916.4177,63.13,34.52,915.9283,73.19
34.21,916.4058,62.03,34.47,915.9399,71.26
34.21,916.408,60.98,34.44,915.9269,71.26
34.16,916.4083,60.04,34.41,915.9711,70.36
34.06,916.4225,60.81,34.35,915.9533,70.67
34.03,916.3859,60.8,34.35,915.9741,72.3
34.03,916.4432,62.64,34.35,915.9547,73.04
34.05,916.4183,63.62,34.36,915.9114,73.82
34.08,916.4047,64.39,34.39,915.9494,74.46
34.12,916.4037,65.22,34.41,915.9468,75.1
34.15,916.3658,65.94,34.43,915.9277,75.71
34.19,916.3876,66.56,34.47,915.9448,75.71
34.19,916.3876,66.56,34.5,915.9661,76.69
34.26,916.4003,67.7,34.56,915.9595,77.14
34.29,916.3571,68.18,34.58,915.9559,77.5
34.33,916.3853,68.55,34.6,915.9655,77.85
34.35,916.3761,68.83,34.62,915.9782,78.05
34.37,916.3777,68.89,34.62,915.9782,78.05
34.37,916.3708,68.93,34.63,915.9448,78.08
34.38,916.3781,68.26,34.64,915.9878,77.57
34.37,916.3984,68.26,34.63,915.9501,76.79
34.36,916.4149,67.3,34.61,915.954,75.85
34.33,916.4113,66.23,34.58,915.9501,74.97
34.28,916.4049,65.27,34.54,915.9554,74.03
34.24,916.4092,64.27,34.51,915.9633,73.06
34.2,916.3951,62.99,34.46,915.9224,72.11
34.16,916.3906,61.67,34.43,915.9755,71.14
34.12,916.4089,60.6,34.43,915.9628,70.26
34.12,916.4341,59.87,34.4,915.9628,70.26
34.08,916.4341,60.29,34.35,915.9593,70.92
34.02,916.4269,61.14,34.34,915.9534,71.71
34.02,916.4097,62.07,34.35,915.9417,72.48
34.04,916.397,62.99,34.37,915.9398,73.19
34.07,916.3901,63.89,34.39,915.9531,73.93
34.1,916.3833,64.7,34.41,915.9371,74.6
34.13,916.3992,65.46,34.44,915.9425,75.25
34.13,916.3992,66.13,34.44,915.9149,75.78
34.17,916.402,66.13,34.47,915.9119,76.29
34.21,916.3973,67.32,34.51,915.9249,76.76
34.27,916.4061,67.76,34.53,915.959,76.76
34.31,916.3943,68.52,34.57,915.9442,77.52
34.33,916.4064,68.52,34.59,915.9503,77.72
34.36,916.3803,68.68,34.61,915.9506,77.86
34.37,916.4346,68.57,34.62,915.9644,77.61
34.37,916.4314,68.21,34.62,915.9658,77.04
34.35,916.3987,67.68,34.62,915.95,76.24
34.33,916.3992,66.9,34.58,915.9462,75.29
34.3,916.38,66.09,34.54,915.9295,74.28
34.26,916.3846,65.2,34.5,915.9331,73.29
34.24,916.3954,64.27,34.47,915.9271,72.32
34.24,916.3954,64.27,34.47,915.9271,72.32
34.18,916.4056,61.94,34.4,915.9583,70.98
34.14,916.4152,62.08,34.38,915.9528,71.6
34.11,916.4308,62.75,34.37,915.9813,72.28
34.1,916.4097,63.54,34.37,915.973,72.98
34.12,916.4263,64.33,34.38,915.9293,73.75
34.14,916.4032,65.1,34.41,915.9586,74.44
34.17,916.4171,65.84,34.41,915.9586,74.44
34.17,916.4171,65.84,34.43,915.9512,75.05
34.23,916.3636,67.07,34.48,915.9637,76.19
34.26,916.3847,67.63,34.51,915.9674,76.69
34.29,916.3674,68.08,34.54,915.942,77.12
34.33,916.4185,68.52,34.56,915.9584,77.49
34.35,916.3936,68.88,34.59,915.95,77.87
34.38,916.4093,69.18,34.61,915.9367,78.09
34.4,916.4242,69.22,34.61,915.9545,77.77
34.4,916.4348,68.37,34.63,915.9383,77.08
34.4,916.4057,67.39,34.63,915.9383,76.19
34.38,916.4543,66.37,34.61,915.9645,75.18
34.34,916.4522,65.39,34.58,915.9313,74.15
34.3,916.4305,64.44,34.54,915.9867,73.18
34.27,916.4579,63.51,34.5,915.9297,73.18
34.23,916.4071,63.51,34.46,915.9417,72.09
34.18,916.4091,62.1,34.39,915.9691,71.48
34.15,916.4055,62.67,34.38,915.9807,72.2
34.13,916.4167,63.43,34.37,915.9849,72.83
34.13,916.4309,64.18,34.37,915.9595,73.55
34.15,916.39,64.94,34.39,915.9601,74.25
34.18,916.4023,65.73,34.42,915.9565,74.91
34.18,916.4023,65.73,34.42,915.9565,74.91
34.21,916.3867,66.37,34.44,915.9473,76.08
34.28,916.3769,68.14,34.51,915.9249,77.09
34.34,916.3933,68.61,34.56,915.9439,77.91
34.37,916.4003,68.98,34.59,915.9604,77.91
34.4,916.3864,69.3,34.61,915.9406,78.15
34.43,916.3936,69.48,34.64,915.9562,78.24
34.43,916.4216,69.39,34.64,915.9586,77.78
34.43,916.3963,68.54,34.65,915.9608,77.02
34.42,916.3963,67.49,34.65,915.9608,77.02
34.4,916.4295,67.49,34.62,915.9606,76.18
34.35,916.4042,66.51,34.58,915.9733,75.31
34.31,916.4172,65.48,34.55,915.9724,74.53
34.27,916.4271,64.68,34.52,915.9733,73.74
34.22,916.4358,64.03,34.46,915.9659,73.65
34.2,916.4364,64.62,34.44,915.9515,74.27
34.2,916.3967,65.29,34.44,915.9391,74.83
34.22,916.4064,66,34.46,915.9565,75.49
34.25,916.4011,66.67,34.49,915.9623,75.97
34.28,916.4012,67.23,34.51,915.9532,76.5
34.31,916.4013,67.79,34.54,915.9586,77.03
34.34,916.4072,68.23,34.57,915.9661,77.85
34.38,916.4214,68.73,34.59,915.9534,77.84
34.41,916.3814,69.1,34.61,915.962,78.12
34.42,916.3759,69.23,34.64,915.95,78.35
34.44,916.4009,69.21,34.65,915.9253,78.26
34.44,916.3904,68.78,34.66,915.9659,77.81
34.44,916.4263,67.64,34.65,915.9542,76.92
34.42,916.4263,67.64,34.65,915.9542,76.92
34.4,916.4556,66.35,34.62,915.963,76.02
34.34,916.433,65.07,34.6,915.9524,74.99
34.29,916.4451,63.84,34.56,915.9575,74.06
34.23,916.4382,62.6,34.52,915.993,73.07
34.18,916.4281,61.56,34.49,915.9763,72.5
34.14,916.4467,61.39,34.45,915.9733,72.5
34.1,916.4253,62,34.44,915.9678,73.01
34.1,916.4253,62.8,34.43,915.9724,73.64
34.1,916.408,63.64,34.44,915.9556,74.94
34.13,916.3817,64.53,34.45,915.9875,75.55
34.16,916.3679,65.24,34.48,915.9662,76.1
34.19,916.3822,65.95,34.51,915.9716,76.61
34.22,916.3997,66.66,34.53,915.9642,76.6
34.26,916.4055,67.27,34.56,915.9626,77.04
34.29,916.4076,67.8,34.58,915.9573,77.52
34.29,916.4272,68.26,34.6,915.9673,77.89
34.33,916.4272,68.64,34.63,915.9656,78.18
34.37,916.4155,68.64,34.63,915.9386,78.39
34.39,916.424,68.78,34.65,915.942,78.33
34.4,916.3621,68.74,34.67,915.9713,77.88
34.4,916.3791,68.24,34.67,915.9504,77.2
34.39,916.3977,67.62,34.66,915.9316,77.2
34.36,916.3995,66.82,34.64,915.9476,76.24
34.3,916.4063,65.03,34.58,915.9766,73.13
34.27,916.3993,64.04,34.54,916.0078,72.08
34.22,916.3993,62.33,34.47,915.9988,71.24
34.19,916.4067,62.14,34.44,915.9419,71.88
34.17,916.3931,62.75,34.42,915.9495,72.64
34.17,916.3998,63.54,34.41,915.9575,72.63
34.18,916.3917,64.38,34.42,915.9637,74.11
34.22,916.4102,65.91,34.46,915.9489,74.79
34.26,916.3652,66.59,34.49,915.9436,75.4
34.29,916.3845,67.73,34.55,915.9651,76.51
34.33,916.4095,67.73,34.58,915.9639,76.97
34.36,916.3992,68.23,34.58,915.9639,76.97
34.39,916.4009,68.64,34.61,915.9905,77.39
34.41,916.3956,68.99,34.63,915.9669,78.09
34.43,916.397,69.33,34.65,915.9669,78.09
34.45,916.3844,69.57,34.67,915.9744,78.36
34.46,916.4043,69.62,34.69,915.9838,78.54
34.47,916.3942,69.52,34.7,915.9746,78.49
34.46,916.3695,69.11,34.7,915.9455,78.11
34.46,916.4186,68.34,34.69,915.9687,77.24
34.44,916.4186,68.34,34.69,915.9687,77.24
34.42,916.41,67.31,34.66,915.9683,76.4
34.38,916.4163,66.3,34.6,915.9579,74.37
34.35,916.3917,65.34,34.56,915.9633,73.23
34.3,916.4028,64.49,34.56,915.9514,72.22
34.27,916.3781,63.63,34.52,915.988,71.33
34.24,916.4214,62.79,34.48,915.9431,70.93
34.21,916.4059,62.41,34.42,915.9766,71.55
34.19,916.4079,62.96,34.42,915.9766,71.55
34.18,916.4164,64.47,34.42,915.9412,73.82
34.2,916.3984,65.24,34.43,915.9564,74.51
34.23,916.4016,65.98,34.45,915.9542,75.16
34.26,916.4191,66.67,34.48,915.9703,75.16
34.29,916.3844,67.24,34.51,915.9653,75.78
34.32,916.3935,67.78,34.54,915.9638,76.28
34.32,916.3935,68.67,34.6,915.9662,77.23
34.39,916.4288,69.03,34.62,915.9727,77.61
34.41,916.4303,69.04,34.64,915.9562,77.99
34.43,916.4022,69.33,34.66,915.952,78.16
34.45,916.4051,69.38,34.68,915.9509,78.1
34.46,916.4161,69.38,34.68,915.929,77.82
34.45,916.395,69.05,34.68,915.9439,77.21
34.44,916.4028,67.83,34.63,915.9646,75.31
34.39,916.3958,66.98,34.6,915.9496,74.35
34.35,916.4042,66.14,34.6,915.9322,73.34
34.33,916.4095,64.85,34.56,915.9767,72.34
34.28,916.4016,63.62,34.53,915.9886,71.42
34.2,916.3947,62.7,34.45,915.9805,71.46
34.2,916.3947,62.7,34.43,915.9672,72.15
34.17,916.3979,64.24,34.43,915.9758,72.88
34.17,916.3909,65.04,34.44,915.9664,73.65
34.18,916.3918,65.81,34.45,915.9562,74.31
34.2,916.4246,66.49,34.48,915.9603,74.97
34.23,916.3931,67.04,34.51,915.9847,75.56
34.27,916.3694,67.68,34.54,915.9534,76.14
34.3,916.4166,67.68,34.57,915.9681,76.64
34.34,916.4103,68.17,34.57,915.9681,76.64
34.37,916.3806,69.02,34.62,915.9439,77.46
34.4,916.4244,69.02,34.64,915.9622,77.82
34.42,916.3859,69.3,34.66,915.9683,78.04
34.44,916.4148,69.5,34.68,915.9529,78.08
34.45,916.4103,69.49,34.69,915.9439,77.87
34.45,916.4363,69.04,34.69,915.9453,77.21
34.44,916.4322,68.46,34.69,915.9453,77.21
34.38,916.4387,66.24,34.63,915.9461,74.27
34.33,916.4099,65.1,34.6,915.9637,73.3
34.24,916.4113,62.82,34.53,916.0098,71.57
34.19,916.4155,62,34.49,916.0098,71.57
34.19,916.4155,62,34.46,916.0058,72.25
34.13,916.4166,63.03,34.44,915.9886,72.25
34.13,916.4061,63.86,34.43,915.99,72.98
34.13,916.4061,64.71,34.44,915.9775,73.66
34.15,916.4037,65.48,34.46,915.9708,74.37
34.18,916.3884,66.24,34.48,915.9724,75.06
34.21,916.3539,66.9,34.51,915.9639,75.65
34.25,916.3976,67.48,34.54,915.9662,76.19
34.28,916.4189,67.92,34.57,915.9574,76.64
34.32,916.4107,67.93,34.59,915.959,77.42
34.38,916.413,68.8,34.62,915.973,77.76
34.4,916.4038,69.05,34.65,915.9227,77.94
34.42,916.433,69.16,34.66,915.937,77.95
34.42,916.421,68.99,34.68,915.9529,77.52
34.42,916.4152,68.62,34.68,915.99,76.74
34.4,916.4019,67.92,34.68,915.9786,76.74
34.4,916.4019,66.24,34.62,915.9782,73.74
34.32,916.4172,64.17,34.55,915.9565,71.78
34.28,916.4219,63.07,34.51,915.9709,71.78
34.25,916.4584,63,34.48,915.9683,71.89
34.21,916.4026,63.59,34.45,915.9871,72.61
34.19,916.4026,63.59,34.43,915.9813,72.6
34.19,916.3892,65.2,34.44,915.9664,73.37
34.19,916.432,65.92,34.46,915.9414,74.76
34.21,916.3713,66.6,34.48,915.9755,74.76
34.25,916.4151,67.25,34.51,915.967,75.4
34.27,916.394,67.74,34.54,915.976,75.95
34.31,916.4189,68.21,34.57,915.9817,76.45
34.34,916.4295,68.21,34.6,915.9662,76.97
34.38,916.4352,68.64,34.62,915.9681,77.25
34.4,916.4592,69.18,34.66,915.9613,77.72
34.43,916.4161,69.13,34.68,915.9515,77.51
34.43,916.4511,68.67,34.68,915.9529,76.84
34.42,916.4399,67.98,34.67,915.9495,75.75
34.39,916.4294,67.15,34.63,915.9642,74.84
34.36,916.4342,66.25,34.6,915.9614,73.75
34.33,916.4339,65.23,34.56,915.9724,71.79
34.24,916.408,63.37,34.49,915.954,70.8
34.21,916.4456,62.47,34.45,915.9594,69.75
34.18,916.4526,61.82,34.45,915.9679,69.84
34.18,916.4334,62.24,34.42,915.9921,70.54
34.15,916.4526,62.96,34.4,915.9617,71.35
34.13,916.4271,62.96,34.39,916.0037,71.35
34.14,916.4274,64.61,34.42,915.9603,72.94
34.18,916.4405,65.37,34.44,915.9716,73.68
34.21,916.4146,66.12,34.47,915.9677,74.3
34.24,916.4372,66.8,34.51,915.9526,75.08
34.28,916.4308,67.36,34.53,915.9648,75.58
34.31,916.4449,67.88,34.56,915.972,76.09
34.34,916.4295,68.38,34.59,915.9636,76.58
34.37,916.4242,68.81,34.61,915.9758,77.04
34.4,916.4398,69.15,34.64,915.9424,77.4
34.43,916.4177,69.53,34.66,915.9821,77.79
34.44,916.4448,69.75,34.68,915.9706,77.94
34.46,916.425,69.72,34.7,915.9431,78.01
34.46,916.4268,69.45,34.7,915.9459,77.57
34.45,916.4105,68.8,34.7,915.9414,76.64
34.43,916.4596,67.94,34.7,915.9519,75.76
34.43,916.4596,67.06,34.64,915.9618,74.79
34.36,916.4169,66.17,34.6,915.9648,73.8
34.32,916.418,65.22,34.56,915.9869,72.8
34.29,916.4143,64.36,34.52,915.9802,71.71
34.26,916.4316,63.61,34.48,915.9932,71.36
34.23,916.442,64.39,34.45,915.9978,72.57
34.22,916.4342,65.04,34.44,915.9827,72.57
34.22,916.4375,65.71,34.46,915.9739,74.65
34.27,916.4182,66.99,34.51,915.9473,75.25
34.29,916.3937,67.63,34.54,915.9722,75.84
34.33,916.4202,68.1,34.56,915.9651,76.35
34.36,916.4239,68.58,34.59,915.9722,76.81
34.39,916.4517,69.35,34.64,915.9565,77.58
34.44,916.4271,69.59,34.66,915.9589,77.82
34.45,916.4433,69.64,34.68,915.9561,77.81
34.45,916.4317,69.38,34.68,915.9654,77.68
34.44,916.4082,68.88,34.68,915.9727,77.01
34.44,916.4221,68.22,34.68,915.9426,76.22
34.43,916.4075,67.52,34.67,915.9625,75.34
34.4,916.4347,67.51,34.65,915.9625,75.34
34.33,916.4219,65.78,34.59,915.9476,73.32
34.29,916.4315,64.87,34.55,915.9641,71.32
34.25,916.4567,63.72,34.52,915.9836,71.31
34.21,916.437,63.53,34.49,916.0022,72.47
34.18,916.4299,64.15,34.46,915.9656,73.17
34.17,916.4141,64.84,34.46,915.9636,73.17
34.19,916.4166,65.52,34.47,915.986,73.85
34.21,916.4338,66.33,34.49,915.9537,74.61
34.24,916.4062,66.97,34.52,915.9435,75.18
34.28,916.4152,67.55,34.55,915.9666,75.81
34.31,916.4242,68.1,34.58,915.9727,76.29
34.34,916.435,68.53,34.6,915.9666,76.77
34.37,916.4316,68.98,34.62,915.9612,77.14
34.4,916.4644,69.35,34.65,915.9594,77.55
34.4,916.4644,69.67,34.67,915.9779,77.88
34.43,916.4197,69.67,34.69,915.9581,78.06
34.46,916.4303,69.84,34.7,915.9267,78.05
34.46,916.4147,69.55,34.71,915.9517,77.76
34.46,916.4207,68.93,34.71,915.9531,77
34.45,916.4398,68.09,34.69,915.9643,76.06
34.43,916.4319,67.42,34.66,915.9734,75.2
34.4,916.3882,66.57,34.66,915.9529,74.15
34.37,916.4333,65.61,34.59,915.9763,73.06
34.31,916.443,64.58,34.56,915.9925,71.89
34.27,916.4324,63.46,34.52,915.9975,71.08
34.24,916.427,63.6,34.49,915.9835,71.6
34.22,916.4183,64.18,34.46,915.9746,72.27
34.21,916.4041,64.89,34.45,915.9684,73.03
34.23,916.4069,65.65,34.46,915.9608,73.67
34.23,916.4069,65.65,34.46,915.9608,73.67
34.24,916.3987,66.97,34.51,915.9667,75.01
34.33,916.3734,68.6,34.59,915.9705,76.65
34.36,916.3787,69,34.61,915.9792,77.08
34.4,916.4365,69.36,34.64,915.9545,77.44
34.42,916.4365,69.36,34.64,915.9545,77.44
34.46,916.3878,69.76,34.7,915.9417,78.05
34.48,916.4191,69.59,34.71,915.9444,77.72
34.48,916.4228,69.02,34.71,915.9531,77
34.47,916.4377,68.08,34.69,915.9573,76.03
34.45,916.4364,66.98,34.66,915.9641,75.12
34.42,916.4174,66.97,34.66,915.9641,75.12
34.38,916.4441,64.65,34.59,915.9622,73.08
34.34,916.44,64.64,34.59,915.9622,72.18
34.3,916.4721,63.58,34.55,915.9832,71.48
34.26,916.4192,62.76,34.52,915.9889,71.99
34.22,916.4414,63.09,34.49,915.9744,72.64
34.2,916.4138,63.8,34.46,915.9524,73.36
34.2,916.4191,64.59,34.47,915.9673,73.36
34.21,916.432,65.36,34.48,915.9565,74.06
34.23,916.4193,66.09,34.51,915.9733,75.33
34.26,916.4213,66.78,34.53,915.9975,75.34
34.3,916.4059,67.42,34.56,915.9578,75.89
34.34,916.4344,67.96,34.59,915.965,76.4
34.36,916.4064,68.41,34.61,915.9804,76.91
34.39,916.4033,68.87,34.63,915.9504,77.24
34.43,916.4492,69.2,34.66,915.9745,77.62
34.43,916.4041,69.58,34.68,915.9879,77.95
34.44,916.4221,69.58,34.7,915.9521,78.4
34.48,916.4122,69.97,34.71,915.9467,78.4
34.49,916.4059,69.94,34.72,915.9381,78.13
34.49,916.4267,69.53,34.73,915.9668,77.45
34.47,916.4326,68.85,34.73,915.9592,77.45
34.45,916.4297,67.89,34.71,915.9624,76.64
34.45,916.4258,66.87,34.68,915.957,75.63
34.42,916.4554,65.9,34.65,915.9461,74.48
34.38,916.4042,64.63,34.58,915.9761,72.31
34.29,916.4666,63.41,34.58,916.0016,71.34
34.19,916.4654,61.18,34.5,915.9738,70.16
34.14,916.4277,60.77,34.46,915.9628,70.12
34.11,916.4519,60.86,34.44,915.9263,70.12
34.11,916.4623,61.1,34.43,915.9387,70.17
34.08,916.4308,61.38,34.42,915.9503,70.47
34.08,916.3994,61.72,34.42,915.9409,70.61
34.08,916.4308,62.04,34.42,915.9914,70.76
34.09,916.4088,62.23,34.43,915.9709,70.87
34.09,916.4506,62.38,34.43,915.9405,71
34.1,916.4442,62.53,34.44,915.9405,71.1
34.11,916.4431,62.59,34.45,915.9604,71.1
34.11,916.443,62.72,34.45,915.9716,71.23
34.11,916.443,62.72,34.45,915.9716,71.39
34.12,916.442,63.16,34.47,915.9624,71.48
34.13,916.4216,63.18,34.48,915.9562,71.57
34.13,916.4324,63.22,34.49,915.9752,71.73
34.14,916.4401,63.42,34.5,915.9692,71.85
34.15,916.4506,63.42,34.51,915.9428,72
34.16,916.4442,63.54,34.52,915.9764,72.09
34.16,916.4131,63.68,34.52,915.9764,72.09
34.18,916.4664,63.25,34.54,915.9763,72.03
34.17,916.4278,62.9,34.54,915.9714,71.87
34.17,916.4122,62.55,34.54,915.9666,71.77
34.17,916.4002,62.2,34.55,915.9485,71.85
34.17,916.4263,62.17,34.55,915.9866,72.55
34.17,916.4174,63,34.55,915.9828,72.55
34.17,916.4174,64.66,34.59,915.9583,73.92
34.22,916.3945,65.39,34.61,915.9561,74.64
34.26,916.3915,66.1,34.64,915.9622,75.17
34.31,916.4274,66.1,34.67,915.98,75.76
34.35,916.4283,66.8,34.7,915.9631,76.28
34.39,916.4242,67.38,34.73,915.9533,76.75
34.43,916.4285,67.96,34.76,915.9565,77.05
34.47,916.4044,68.17,34.76,915.9565,77.18
34.5,916.4186,68.17,34.8,915.9881,76.96
34.49,916.4247,67.96,34.81,915.9785,76.96
34.49,916.4247,67.96,34.8,915.9775,76.13
34.47,916.4084,67.25,34.78,915.9731,75.36
34.45,916.3931,66.76,34.76,915.9822,74.88
34.43,916.3918,66.25,34.76,915.9838,74.55
34.41,916.4459,65.74,34.73,915.9838,74.55
34.39,916.4548,64.87,34.7,915.9902,74.09
34.35,916.4109,65.54,34.69,915.9661,75.12
34.36,916.4256,66.16,34.69,915.9698,75.61
34.38,916.4338,66.76,34.7,915.9694,76.1
34.41,916.425,67.32,34.72,915.9821,76.63
34.44,916.4219,67.76,34.74,915.9661,76.63
34.44,916.4219,67.76,34.76,915.9777,77.46
34.46,916.4197,68.6,34.79,915.9672,77.46
34.49,916.4197,68.6,34.82,915.9819,77.81
34.52,916.4302,69.02,34.84,915.9678,78.18
34.54,916.43,69.33,34.87,915.9551,78.43
34.56,916.4504,69.38,34.89,915.9667,78.26
34.57,916.4213,69.3,34.89,915.9531,77.82
34.57,916.4019,68.86,34.88,915.9695,77.11
34.55,916.4324,68.17,34.88,915.9695,75.17
34.36,916.4272,63.21,34.66,915.9835,71.03
34.36,916.4272,63.87,34.62,915.9807,72.45
34.35,916.4247,64.67,34.62,915.9727,73.2
34.36,916.4377,65.41,34.63,915.9611,73.96
34.39,916.4307,66.13,34.65,915.9817,74.59
34.42,916.4378,66.75,34.67,915.9483,75.23
34.47,916.4207,67.86,34.72,915.9152,76.25
34.47,916.4207,67.86,34.74,915.9494,76.25
34.52,916.448,68.73,34.79,915.9467,77.17
34.54,916.4111,69.14,34.81,915.9161,77.48
34.57,916.4331,69.42,34.83,915.9169,77.68
34.58,916.4219,69.48,34.85,915.9664,77.8
34.59,916.4395,69.28,34.86,915.9608,77.53
34.58,916.4183,68.92,34.85,915.9622,76.81
34.56,916.4399,67.84,34.85,915.952,75.92
34.56,916.4399,65.43,34.8,915.9528,73.93
34.4,916.4749,62.2,34.7,915.9726,70.95
34.32,916.4266,61.63,34.63,915.9796,70.85
34.28,916.445,61.62,34.61,915.9745,71.46
34.27,916.4196,63.21,34.59,915.959,72.12
34.27,916.4022,64.08,34.6,915.9631,73.57
34.28,916.4034,64.89,34.61,915.9423,74.24
34.31,916.3774,65.67,34.63,915.9141,74.83
34.34,916.3688,66.36,34.66,915.9482,75.45
34.38,916.3764,66.94,34.68,915.9584,75.98
34.41,916.4199,67.51,34.71,915.9497,76.48
34.44,916.384,67.52,34.73,915.9471,76.47
34.49,916.3834,68.41,34.77,915.9651,77.3
34.52,916.3814,68.8,34.79,915.9508,77.58
34.54,916.4124,69.08,34.81,915.9579,77.84
34.54,916.4114,69.11,34.81,915.9372,77.94
34.55,916.4087,68.96,34.83,915.9364,77.76
34.56,916.3956,68.68,34.84,915.9422,77.29
34.55,916.3956,68.68,34.84,915.9422,77.29
34.52,916.4129,66.57,34.79,915.9595,75.45
34.5,916.4239,66.57,34.76,915.9465,74.43
34.47,916.4238,65.77,34.74,915.9553,73.45
34.44,916.4219,64.7,34.7,915.9684,72.68
34.41,916.4457,63.67,34.67,915.9675,72.4
34.36,916.4464,63.87,34.65,915.985,72.98
34.35,916.449,64.45,34.63,915.9958,74.24
34.35,916.4091,65.87,34.65,915.9583,74.86
34.37,916.435,66.52,34.67,915.9814,75.43
34.37,916.4227,67.03,34.69,915.9598,75.94
34.4,916.442,67.6,34.69,915.968,76.42
34.43,916.3826,68.11,34.71,915.964,76.87
34.45,916.4263,68.46,34.74,915.945,77.31
34.48,916.4263,68.46,34.75,915.9716,77.31
34.52,916.4213,69.5,34.79,915.9652,78.22
34.54,916.4013,69.66,34.83,915.9575,78.37
34.56,916.4205,69.59,34.83,915.9559,78.33
34.57,916.4509,69.34,34.85,915.9805,78.09
34.57,916.4403,68.88,34.85,915.9661,77.43
34.56,916.4222,68.21,34.84,915.9661,77.43
34.54,916.428,68.21,34.82,915.9714,76.55
34.52,916.4333,66.28,34.76,915.9469,74.54
34.48,916.3808,65.28,34.76,915.9249,73.36
34.45,916.4355,64.08,34.7,915.9761,72.34
34.37,916.4208,62.93,34.66,915.9697,71.37
34.32,916.4319,62.26,34.63,915.9966,71.44
34.29,916.4208,62.77,34.63,915.9683,72.01
34.29,916.4194,63.5,34.59,915.9833,72.75
34.26,916.4194,64.29,34.59,915.9833,73.46
34.26,916.4177,64.29,34.6,915.9908,73.46
34.27,916.4185,65.06,34.61,915.9818,74.09
34.3,916.3817,65.86,34.63,915.968,74.77
34.34,916.412,66.51,34.66,915.9777,75.91
34.37,916.4314,67.12,34.69,915.9716,76.41
34.4,916.3862,67.72,34.71,915.9818,76.41
34.43,916.3885,68.6,34.73,915.9567,76.84
34.46,916.406,68.59,34.76,915.9702,77.63
34.49,916.3989,68.95,34.78,915.978,77.94
34.51,916.4176,69.29,34.8,915.9408,78.19
34.53,916.4293,69.58,34.82,915.9611,78.31
34.55,916.4217,69.6,34.84,915.9595,78.32
34.55,916.394,69.48,34.85,915.9598,78.24
34.55,916.4113,69.02,34.85,915.9653,77.75
34.53,916.4172,67.01,34.81,915.96,76.12
34.47,916.4308,65.96,34.78,915.9439,75.15
34.43,916.4684,64.61,34.75,915.9708,74.09
34.39,916.4533,63.29,34.71,915.9641,73.1
34.28,916.4483,61.6,34.65,915.9836,72.12
34.25,916.4515,62.22,34.63,916,72.68
34.23,916.4348,63.01,34.61,915.9575,73.34
34.23,916.4213,63.84,34.62,915.9765,73.99
34.26,916.426,64.74,34.63,915.9716,74.62
34.29,916.4208,65.51,34.65,915.9683,75.77
34.32,916.4422,66.26,34.68,915.963,76.31
34.36,916.4426,66.89,34.7,915.9281,76.77
34.39,916.4623,67.44,34.72,915.9586,76.77
34.42,916.4453,67.94,34.76,915.9573,77.58
34.48,916.4034,68.82,34.78,915.9714,77.92
34.5,916.4345,69.07,34.8,915.9581,78.16
34.52,916.4162,69.13,34.82,915.9708,78.24
34.52,916.4183,68.84,34.83,915.9703,78.1
34.51,916.4073,68.37,34.83,915.9676,77.46
34.5,916.4342,67.77,34.81,915.9542,76.58
34.45,916.4694,65.17,34.72,915.9666,73.76
34.36,916.4545,62,34.63,915.9792,71.04
34.32,916.4241,61.48,34.6,915.9489,70.67
34.28,916.4241,61.48,34.57,915.9886,72.04
34.23,916.416,63.64,34.57,915.9786,72.79
34.24,916.3834,64.49,34.59,915.9826,73.53
34.26,916.36,65.28,34.61,915.961,74.22
34.28,916.3862,66.05,34.63,915.9709,74.85
34.32,916.3862,66.69,34.66,915.9714,75.45
34.35,916.4075,66.69,34.66,915.9714,75.45
34.38,916.4425,67.23,34.69,915.9681,75.91
34.44,916.4207,68.23,34.74,915.9816,76.88
34.46,916.3954,68.65,34.76,915.9562,77.3
34.49,916.4045,69.06,34.77,915.9326,77.64
34.51,916.4229,69.27,34.79,915.9501,77.9
34.53,916.4102,69.35,34.81,915.9497,78.05
34.53,916.3909,69.22,34.83,915.962,77.98
34.52,916.4167,68.61,34.83,915.9603,77.46
34.51,916.4158,67.92,34.82,915.9465,76.62
34.49,916.43,66.84,34.79,915.9522,75.65
34.45,916.4471,65.55,34.76,915.9493,74.67
34.41,916.4231,64.35,34.72,915.9675,73.69
34.36,916.4221,63.38,34.69,915.9525,72.69
34.32,916.4267,62.49,34.65,915.9718,71.75
34.28,916.4397,61.81,34.61,915.9637,70.97
34.28,916.4397,61.81,34.61,915.9637,72.22
34.23,916.4508,62.99,34.58,915.9584,72.94
34.24,916.444,63.81,34.58,915.9785,73.62
34.26,916.4348,64.68,34.58,915.9421,74.28
34.28,916.4049,65.41,34.6,915.9727,74.91
34.31,916.4104,66.17,34.66,915.9659,75.54
34.35,916.43,66.81,34.66,915.9659,75.54
34.38,916.4545,67.87,34.71,915.9885,76.53
34.41,916.4325,67.87,34.73,916.0011,77
34.44,916.4185,68.3,34.73,915.9854,77.31
34.46,916.4235,68.75,34.75,915.9783,77.65
34.49,916.4319,69,34.77,915.9783,77.81
34.5,916.4171,68.99,34.78,915.9235,77.77
34.51,916.4208,68.81,34.8,915.948,77.48
34.5,916.4292,68.47,34.8,915.9518,76.81
34.45,916.4315,66.7,34.78,915.9838,75.88
34.42,916.4297,65.79,34.75,915.9767,73.87
34.39,916.4202,65,34.72,915.9484,72.87
34.35,916.4129,64.14,34.69,915.9976,71.87
34.3,916.4252,62.61,34.62,915.9761,70.82
34.27,916.4304,62.49,34.58,915.9854,70.7
34.27,916.426,63.08,34.56,915.9894,71.41
34.25,916.4135,63.86,34.56,915.9713,72.12
34.25,916.423,64.66,34.56,915.9963,72.88
34.28,916.438,65.43,34.58,915.9861,73.57
34.28,916.4434,66.13,34.59,915.9902,74.26
34.34,916.4558,66.77,34.62,915.9903,74.9
34.34,916.4558,67.34,34.68,915.9772,76.02
34.41,916.4442,67.88,34.7,915.9507,76.5
34.43,916.4216,68.68,34.73,915.9626,76.96
34.46,916.3918,69.01,34.75,915.9608,77.32
34.48,916.4055,69.25,34.77,915.9669,77.61
34.5,916.4084,69.19,34.79,915.9533,77.78
34.52,916.4005,69.19,34.8,915.9619,77.56
34.52,916.4283,68.95,34.8,915.9653,76.86
34.5,916.3876,68.37,34.8,915.9584,75.94
34.48,916.3864,67.62,34.79,915.9583,74.95
34.46,916.4109,66.69,34.76,915.9808,73.98
34.43,916.4302,65.69,34.73,915.9604,72.91
34.4,916.4194,64.88,34.7,915.9572,71.74
34.37,916.4331,64,34.62,915.9727,70.76
34.34,916.4558,63.16,34.62,915.9727,70.76
34.34,916.4558,62.92,34.55,915.9828,70.47
34.29,916.4419,63.61,34.54,915.9967,71.25
34.27,916.4182,64.39,34.53,915.9628,71.95
34.27,916.3922,65.13,34.54,915.9714,72.75
34.29,916.3618,65.88,34.56,915.9453,73.38
34.31,916.4016,65.88,34.59,915.9719,74.18
34.34,916.4172,66.55,34.59,915.9719,74.18
34.37,916.4019,67.19,34.61,915.9423,74.69
34.4,916.3914,67.72,34.67,915.9575,75.9
34.43,916.4299,68.2,34.7,915.9594,76.42
34.45,916.4191,68.67,34.72,915.9797,76.87
34.48,916.4,69.05,34.74,915.9737,77.29
34.5,916.4081,69.39,34.76,915.9642,77.59
34.52,916.413,69.65,34.78,915.9294,77.84
34.53,916.4016,69.7,34.78,915.9294,77.84
34.53,916.4302,69.46,34.8,915.9601,77.84
34.53,916.4153,68.98,34.8,915.9431,76.85
34.52,916.4355,68.24,34.78,915.9581,75.96
34.49,916.4289,67.43,34.78,915.9928,75
34.46,916.4389,66.13,34.76,915.9572,74.06
34.42,916.4263,64.84,34.72,915.9572,73.07
34.37,916.4678,63.74,34.69,915.9785,73.08
34.37,916.4678,63.74,34.63,915.9861,71.35
34.24,916.4205,62.69,34.57,916.0028,71.59
34.22,916.4309,63.41,34.56,915.9858,72.25
34.22,916.403,64.33,34.57,915.9866,72.96
34.23,916.4001,65.12,34.58,915.993,73.69
34.25,916.3544,65.83,34.59,915.9642,74.35
34.28,916.3908,65.83,34.62,915.9886,74.9
34.35,916.4005,67.15,34.67,915.9852,76.08
34.38,916.4111,67.65,34.7,915.9968,76.54
34.41,916.396,68.21,34.72,915.9984,76.98
34.44,916.4219,68.61,34.74,915.9581,77.34
34.46,916.4286,69.03,34.76,915.9656,77.69
34.49,916.4144,69.24,34.76,915.9205,77.83
34.49,916.4144,69.24,34.78,915.9713,77.77
34.5,916.4274,68.51,34.8,915.9587,77.37
34.49,916.4219,68.51,34.79,915.9765,76.57
34.48,916.4121,67.88,34.77,915.9526,75.73
34.45,916.3842,67.12,34.75,915.9601,74.72
34.42,916.428,66.07,34.72,915.9631,73.76
34.39,916.4429,65.05,34.69,915.9989,72.71
34.36,916.4394,63.86,34.69,915.9818,70.89
34.28,916.4203,62.21,34.61,915.9836,71.14
34.25,916.4156,63.38,34.56,915.9863,72.51
34.23,916.4163,64.2,34.56,915.9637,73.18
34.24,916.4412,64.97,34.57,915.9675,73.86
34.25,916.4048,65.66,34.58,915.9747,74.54
34.27,916.4375,65.66,34.6,915.9732,74.53
34.34,916.4257,67.56,34.65,915.9666,75.7
34.37,916.4155,68.04,34.67,915.9835,76.22
34.4,916.4158,68.49,34.69,915.9827,76.67
34.43,916.4213,68.95,34.72,915.9634,77.09
34.46,916.43,69.32,34.74,915.9872,77.47
34.48,916.4246,69.32,34.76,915.9568,77.87
34.5,916.4241,69.66,34.8,915.957,78.32
34.54,916.4384,69.8,34.8,915.9714,78.4
34.54,916.4333,69.66,34.82,915.9333,78.06
34.54,916.4732,69.24,34.83,915.9623,77.28
34.53,916.4327,68.41,34.83,916.0016,76.34
34.52,916.4355,67.33,34.8,916.0048,75.27
34.49,916.4649,66.17,34.77,915.9669,74.29
34.46,916.4215,64.89,34.74,915.9574,74.29
34.42,916.3894,64.89,34.71,915.9514,73.35
34.37,916.4506,63.59,34.67,915.9606,72.28
34.32,916.437,62.4,34.63,915.9836,71.44
34.26,916.4038,61.33,34.6,915.9548,70.79
34.22,916.4236,61.24,34.58,915.9705,71.32
34.18,916.432,61.97,34.56,915.9724,72.02
34.18,916.4231,62.9,34.57,915.9675,72.71
34.18,916.443,63.83,34.57,916.0009,73.48
34.19,916.443,63.83,34.58,916.0009,74.17
34.25,916.4377,65.46,34.62,915.9542,74.83
34.28,916.4066,66.18,34.65,915.9922,75.39
34.32,916.416,66.84,34.67,915.9713,75.94
34.36,916.427,67.4,34.7,915.9885,76.47
34.38,916.4494,67.9,34.72,915.9634,76.92
34.42,916.4172,68.38,34.74,915.956,77.36
34.42,916.4172,68.93,34.76,915.9725,77.69
34.47,916.4291,69.17,34.78,915.9595,77.88
34.49,916.4167,69.3,34.8,915.9394,78.13
34.5,916.4433,69.25,34.82,915.9431,78.1
34.5,916.4533,68.99,34.82,915.9455,77.75
34.49,916.4289,68.51,34.81,915.9281,76.99
34.48,916.4608,67.74,34.78,915.9339,76.08
34.48,916.3981,66.86,34.78,915.9339,75.14
34.45,916.3981,65.74,34.73,915.9387,74.17
34.42,916.4246,65.74,34.73,915.9387,73.22
34.39,916.4498,64.8,34.7,915.949,73.22
34.35,916.4405,63.84,34.66,915.9387,72.27
34.32,916.4441,62.74,34.63,915.9816,71.37
34.29,916.3914,61.99,34.6,915.9899,70.97
34.26,916.4156,62.35,34.57,915.9768,71.64
34.24,916.3954,63.12,34.57,915.9782,72.29
34.24,916.4006,63.82,34.57,915.9782,73.74
34.27,916.4219,65.5,34.61,915.9697,74.44
34.27,916.4219,66.17,34.61,915.9691,75.05
34.34,916.3967,67.41,34.66,915.9775,76.13
34.37,916.3862,67.94,34.68,915.9775,76.6
34.4,916.4386,67.93,34.71,915.9677,76.6
34.44,916.4167,68.36,34.73,915.9598,76.97
34.44,916.4167,68.36,34.76,915.9649,77.44
34.48,916.4367,69.08,34.77,915.9586,77.7
34.5,916.4207,69.15,34.79,915.9325,77.87
34.51,916.3987,69,34.8,915.9431,77.83
34.5,916.4083,68.54,34.81,915.9455,77.43
34.49,916.42,67.83,34.8,915.9324,76.76
34.46,916.432,67.06,34.77,915.9343,75.86
34.46,916.432,67.06,34.75,915.9487,74.9
34.42,916.4152,65.32,34.72,915.9412,73.95
34.39,916.4186,64.38,34.69,915.9439,72.87
34.35,916.4164,63.36,34.66,915.976,71.76
34.32,916.4059,62.33,34.62,915.9698,70.96
34.29,916.4055,61.8,34.59,915.9694,70.88
34.26,916.4038,62.31,34.57,915.9906,71.48
34.26,916.4038,62.31,34.57,915.9782,72.94
34.25,916.4119,64.79,34.58,915.9716,73.65
34.27,916.43,65.57,34.6,915.96,74.41
34.29,916.3883,66.14,34.6,915.967,74.95
34.32,916.3954,66.14,34.63,915.9636,75.56
34.35,916.4058,66.82,34.66,915.9327,76.09
34.39,916.4045,67.35,34.68,915.9744,76.09
34.41,916.4081,67.84,34.73,915.9291,77.39
34.46,916.3937,68.74,34.75,915.9556,77.77
34.48,916.416,69.1,34.77,915.9579,77.77
34.51,916.4106,69.48,34.78,915.9373,78.06
34.53,916.4066,69.73,34.81,915.9473,78.37
34.55,916.413,69.94,34.83,915.962,78.58
34.56,916.3945,69.93,34.84,915.9799,78.64
34.56,916.3842,69.8,34.85,915.9431,78.51
34.55,916.4374,68.74,34.84,915.9661,77.27
34.54,916.4228,67.85,34.82,915.9694,76.58
34.52,916.4667,67.06,34.79,915.9849,75.93
34.49,916.4682,66.1,34.76,915.9794,75.19
34.43,916.4473,65.66,34.72,915.9804,75.28
34.4,916.4434,65.66,34.72,915.9804,75.28
34.39,916.4531,66.17,34.71,915.9673,75.78
34.39,916.4534,66.7,34.71,915.9274,76.66
34.4,916.449,67.24,34.72,915.9201,77.16
34.42,916.428,67.79,34.73,915.9373,77.57
34.45,916.4208,68.26,34.75,915.9639,77.93
34.48,916.4019,68.68,34.77,915.9512,78.29
34.5,916.4274,69.13,34.79,915.9578,78.57
34.53,916.4484,69.48,34.81,915.9774,78.57
34.56,916.4294,70,34.86,915.9905,79.07
34.58,916.4322,70.16,34.87,915.9598,79.26
34.59,916.4378,70.17,34.89,915.9737,79.41
34.59,916.4383,70.05,34.9,915.9854,79.43
34.59,916.4573,69.82,34.9,915.9708,79.28
34.59,916.45,69.82,34.9,915.9725,79.04
34.57,916.4522,69.01,34.9,915.96,78.68
34.54,916.4233,68.24,34.89,915.9604,78.1
34.53,916.4171,67.62,34.87,915.9581,77.17
34.51,916.3931,66.77,34.85,915.9702,76.3
34.49,916.4022,65.93,34.81,915.9652,75.35
34.49,916.4147,64.86,34.78,915.9668,74.4
34.46,916.4423,63.86,34.76,915.9562,73.52
34.43,916.4423,63.86,34.73,915.97,72.86
34.4,916.4331,63.04,34.73,915.97,72.86
34.38,916.4473,64.2,34.69,915.981,74.05
34.36,916.4277,65.03,34.7,915.985,74.76
34.37,916.4305,65.7,34.71,915.9677,75.37
34.39,916.4305,66.43,34.73,915.9564,75.99
34.42,916.443,66.42,34.75,915.9507,76.58
34.44,916.4204,67.06,34.75,915.9507,76.58
34.47,916.4239,67.64,34.8,915.9497,77.44
34.5,916.4292,68.08,34.8,915.9497,77.82
34.53,916.4274,68.5,34.83,915.9512,78.13
34.54,916.4041,68.84,34.85,915.9508,78.32
34.56,916.3774,69.05,34.86,915.9375,78.32
34.57,916.4267,69,34.88,915.9263,78.42
34.57,916.4216,68.38,34.89,915.9303,78.06
34.56,916.3981,67.54,34.88,915.9574,77.19
34.56,916.3981,65.41,34.84,915.9567,74.92
34.5,916.4102,64.47,34.79,915.9439,73.71
34.46,916.4094,64.46,34.76,915.9389,72.63
34.43,916.4612,63.47,34.72,915.9398,71.54
34.39,916.4394,62.62,34.69,915.9695,70.58
34.35,916.4528,61.73,34.65,915.9687,69.81
34.32,916.4578,61.04,34.65,915.9598,70.49
34.29,916.4349,61.59,34.62,915.9598,70.49
34.28,916.4292,63.32,34.61,915.9766,72.13
34.28,916.3997,64.2,34.62,915.957,72.9
34.3,916.4025,64.94,34.64,915.948,73.72
34.32,916.4423,65.73,34.66,915.937,74.41
34.35,916.4387,66.42,34.69,915.9531,75.09
34.38,916.4423,67.04,34.72,915.9651,75.75
34.41,916.4405,67.04,34.74,915.9875,76.25
34.43,916.4077,67.67,34.74,915.9875,76.25
34.49,916.408,68.52,34.79,915.9297,77.58
34.51,916.4037,68.89,34.82,915.9714,77.93
34.53,916.4381,69.24,34.84,915.9891,77.93
34.53,916.4381,69.46,34.85,915.9933,78.18
34.55,916.3731,69.5,34.87,915.9624,78.38
34.56,916.3878,69.5,34.88,915.9716,78.31
34.56,916.4417,68.79,34.88,915.9606,76.96
34.54,916.4091,68.08,34.85,915.9397,76.03
34.52,916.4127,67.19,34.85,915.9576,74.98
34.48,916.4299,66.38,34.82,915.9598,73.91
34.45,916.395,65.49,34.78,915.9553,72.95
34.43,916.4579,64.6,34.75,915.9553,72.95
34.4,916.4625,63.65,34.72,915.9769,71.97
34.4,916.4625,63.65,34.69,915.9802,72.1
34.34,916.4484,64.54,34.65,915.9714,72.83
34.33,916.4148,65.33,34.66,915.95,73.57
34.34,916.4292,65.96,34.67,915.9634,74.29
34.35,916.4285,66.69,34.69,915.9559,74.96
34.38,916.4336,67.29,34.71,915.9486,75.57
34.41,916.4445,67.28,34.73,915.9169,76.06
34.44,916.4325,67.84,34.76,915.9465,76.61
34.46,916.4164,68.39,34.76,915.9558,77.08
34.49,916.4167,68.78,34.78,915.9434,77.47
34.51,916.3986,69.11,34.81,915.9637,77.77
34.53,916.4068,69.45,34.83,915.9612,78.1
34.55,916.4411,69.68,34.85,915.9317,78.23
34.56,916.4084,69.69,34.86,915.9545,78.2
34.56,916.4242,69.57,34.88,915.9359,77.72
34.56,916.4242,69.57,34.88,915.9724,77.03
34.54,916.4041,68.4,34.88,915.9724,76.05
34.54,916.4129,67.56,34.86,915.9781,75.03
34.52,916.4113,66.48,34.83,915.9512,75.02
34.38,916.4405,63.12,34.7,915.9642,71.22
34.3,916.4567,63.26,34.66,915.9787,72.56
34.29,916.4088,64.09,34.66,915.9814,73.29
34.3,916.4355,64.89,34.66,915.9419,74
34.32,916.4458,65.62,34.67,915.9442,74.68
34.35,916.4335,66.41,34.69,915.9442,74.68
34.35,916.4335,67.01,34.71,915.9455,75.32
34.38,916.4406,67.01,34.74,915.9519,75.86
34.41,916.4335,67.65,34.74,915.9519,75.86
34.44,916.4324,68.5,34.78,915.9492,76.9
34.46,916.4511,68.99,34.8,915.9224,77.3
34.49,916.4213,69.3,34.82,915.9216,77.66
34.51,916.4369,69.6,34.85,915.9338,78.03
34.53,916.4293,69.86,34.86,915.9496,78.31
34.55,916.3956,69.86,34.87,915.9478,78.48
34.56,916.4398,70.07,34.89,915.9518,78.66
34.57,916.4302,70.1,34.9,915.9128,78.14
34.56,916.433,69.07,34.91,915.9341,77.34
34.54,916.4423,68.17,34.9,915.9341,76.37
34.51,916.4455,67.39,34.85,915.9359,75.4
34.48,916.4437,66.53,34.81,915.9459,74.44
34.46,916.463,65.71,34.77,915.95,73.35
34.43,916.4492,64.09,34.74,915.9756,71.26
34.38,916.463,63.27,34.67,915.9713,70.13
34.35,916.4507,62.65,34.67,915.9857,70.54
34.33,916.4512,63.14,34.64,915.97,71.31
34.31,916.4311,63.83,34.61,915.9717,72.16
34.31,916.4225,64.74,34.61,915.9489,72.91
34.31,916.4358,65.51,34.61,915.9203,73.73
34.33,916.4358,65.51,34.63,915.947,73.73
34.38,916.4266,66.85,34.68,915.9519,75.15
34.38,916.4675,67.45,34.68,915.9519,75.72
34.42,916.4308,67.95,34.7,915.9129,76.25
34.44,916.4494,68.41,34.73,915.9509,76.68
34.46,916.3972,68.84,34.75,915.949,77.12
34.49,916.4077,69.17,34.78,915.9589,77.13
34.51,916.4403,69.17,34.79,915.9508,77.48
34.55,916.4459,69.79,34.84,915.9336,78.13
34.56,916.4399,70.1,34.86,915.9417,78.38
34.58,916.4478,70.23,34.87,915.9313,78.58
34.59,916.4224,70.17,34.88,915.9436,78.65
34.59,916.4241,70.18,34.9,915.9455,78.61
34.58,916.4166,69.93,34.9,915.9562,78.21
34.57,916.4283,69.31,34.89,915.9667,77.57
34.55,916.4428,68.38,34.87,915.9465,76.62
34.53,916.4412,67.31,34.84,915.9816,75.72
34.49,916.448,66.23,34.81,915.9403,74.82
34.46,916.4597,65.2,34.77,915.9444,73.94
34.42,916.4697,64.27,34.74,915.9578,73.04
34.39,916.4655,63.5,34.72,915.9755,72.23
34.37,916.457,63.2,34.69,915.9567,72.59
34.34,916.4573,63.74,34.68,915.9654,73.2
34.34,916.4587,64.46,34.68,915.9581,73.9
34.34,916.4171,65.2,34.69,915.9522,74.49
34.36,916.4235,65.91,34.7,915.9459,75.22
34.38,916.4334,66.62,34.72,915.9537,75.78
34.41,916.4283,67.27,34.74,915.939,76.32
34.49,916.4163,68.68,34.81,915.9406,77.63
34.52,916.4196,69.09,34.84,915.9775,77.99
34.53,916.419,69.33,34.86,915.9625,78.24
34.56,916.4725,69.53,34.87,915.9305,78.41
34.56,916.4139,69.59,34.89,915.9459,78.49
34.56,916.459,69.41,34.89,915.9622,78.14
34.55,916.4238,68.9,34.89,915.9528,77.59
34.54,916.4267,68.25,34.87,915.9288,76.62
34.54,916.4272,67.47,34.87,915.9359,75.78
34.49,916.4545,65.75,34.79,915.9574,73.84
34.46,916.4356,64.96,34.76,915.9568,72.84
34.44,916.4724,64.21,34.73,915.9633,71.91
34.41,916.4724,63.59,34.73,915.9819,71.74
34.38,916.432,63.59,34.7,915.9819,71.74
34.36,916.4533,63.87,34.68,915.9741,72.42
34.35,916.4334,64.55,34.68,915.9977,73.08
34.35,916.4125,65.28,34.68,915.9564,73.81
34.36,916.4342,65.95,34.69,915.9615,74.54
34.38,916.4303,66.65,34.71,915.9506,75.09
34.41,916.4133,67.26,34.73,915.9533,75.67
34.44,916.441,67.81,34.76,915.9687,76.32
34.47,916.4149,68.36,34.78,915.9589,76.81
34.47,916.3836,68.73,34.78,915.9589,76.81
34.49,916.4163,69.12,34.81,915.9364,77.63
34.52,916.399,69.49,34.83,915.9598,77.98
34.54,916.4317,69.77,34.85,915.9269,78.29
34.56,916.4239,69.77,34.87,915.928,78.58
34.58,916.4133,70.02,34.88,915.9473,78.84
34.59,916.4174,70.19,34.9,915.9403,78.84
34.6,916.4264,70.22,34.92,915.9515,78.84
34.61,916.4255,70.15,34.93,915.9564,78.77
34.6,916.4301,69.83,34.93,915.99,77.77
34.59,916.4434,69.27,34.92,915.9749,76.97
34.57,916.4337,68.44,34.9,915.9412,75.99
34.54,916.3745,67.28,34.88,916.0008,75.05
34.47,916.4224,64.93,34.82,915.9604,74.16
34.43,916.4109,64.11,34.78,915.9561,73.22
34.4,916.4156,62.73,34.73,915.9543,71.62
34.34,916.4158,63.02,34.7,915.9771,72.23
34.33,916.4393,63.68,34.7,915.9625,72.91
34.34,916.4448,64.54,34.7,915.9628,73.63
34.35,916.416,65.27,34.71,915.9659,74.35
34.37,916.407,66.06,34.72,915.9727,74.99
34.37,916.407,66.06,34.72,915.9727,74.99
34.43,916.3885,67.33,34.77,915.9216,76.19
34.46,916.4268,67.85,34.79,915.9283,76.69
34.5,916.4047,68.35,34.82,915.9399,77.12
34.52,916.425,68.75,34.84,915.9816,77.57
34.54,916.4283,69.18,34.86,915.9877,77.92
34.56,916.4069,69.45,34.88,915.9866,78.21
34.58,916.4306,69.61,34.9,915.9597,78.4
34.58,916.4306,69.61,34.92,915.9696,78.09
34.59,916.3876,68.73,34.92,915.9672,77.39
34.58,916.4061,68.12,34.9,915.9473,76.27
34.56,916.41,68.11,34.9,915.9381,75.37
34.53,916.4277,67.3,34.87,915.9717,74.13
34.5,916.4256,66.2,34.84,915.9553,73.13
34.47,916.4345,65.24,34.79,915.9553,72.13
34.44,916.4254,64.42,34.76,915.9302,71.24
34.41,916.4288,63.08,34.7,915.9666,71.27
34.39,916.4288,63.08,34.7,915.9727,71.87
34.36,916.4256,63.65,34.68,915.9587,72.59
34.35,916.4125,64.39,34.67,915.9453,73.31
34.35,916.4129,65.14,34.68,915.949,74.08
34.37,916.4136,65.85,34.69,915.9196,74.78
34.39,916.3979,66.58,34.71,915.95,74.78
34.42,916.4071,67.2,34.73,915.9775,75.44
34.45,916.4261,67.75,34.77,915.9601,76.51
34.48,916.3915,68.27,34.82,915.9725,77.01
34.51,916.4124,68.67,34.82,915.9188,77.4
34.53,916.4084,69.05,34.84,915.94,77.77
34.55,916.4064,69.42,34.86,915.9288,78.11
34.58,916.4529,69.78,34.88,915.9595,78.31
34.59,916.4345,69.96,34.9,915.9666,78.32
34.61,916.4495,70.02,34.92,915.9447,78.56
34.61,916.4341,69.95,34.93,915.988,78.36
34.6,916.423,69.64,34.94,915.9785,77.84
34.59,916.4227,69.24,34.93,915.9695,77.01
34.57,916.4406,68.67,34.91,915.9391,75.96
34.55,916.4167,67.82,34.9,915.968,75.97
34.53,916.4346,66.96,34.87,915.9603,74.83
34.51,916.4228,66.03,34.83,915.9731,72.69
34.48,916.4486,64.95,34.79,915.9626,71.71
34.45,916.4451,64.15,34.76,915.9673,70.79
34.42,916.4365,63.4,34.73,915.981,70.78
34.39,916.455,63.73,34.7,915.9771,71.3
34.37,916.4157,64.36,34.69,915.9695,72.02
34.37,916.4157,65.12,34.69,915.9719,72.82
34.37,916.4191,65.12,34.69,915.9719,72.82
34.41,916.4199,66.55,34.72,915.9669,74.31
34.43,916.4041,67.14,34.74,915.9716,74.98
34.46,916.3956,67.75,34.76,915.9568,75.61
34.49,916.4185,68.29,34.78,915.9512,76.16
34.52,916.4196,68.72,34.81,915.9455,76.67
34.54,916.402,69.11,34.84,915.9675,77.09
34.54,916.402,69.11,34.86,915.9478,77.46
34.57,916.4053,69.72,34.89,915.9719,77.78
34.58,916.3976,69.86,34.89,915.9539,77.97
34.6,916.3917,69.76,34.91,915.9336,77.97
34.6,916.397,69.34,34.92,915.9381,77.61
34.6,916.4092,69.34,34.92,915.9391,76.96
34.59,916.4171,68.85,34.9,915.949,76.05
34.57,916.4227,67.94,34.87,915.9627,75.1
34.54,916.4278,66.9,34.87,915.9411,74.2
34.51,916.4348,65.82,34.81,915.9192,73.21
34.47,916.4356,64.86,34.81,915.9192,73.21
34.44,916.4133,63.95,34.77,915.9326,72.08
34.41,916.4422,63.2,34.75,915.9514,70.39
34.38,916.4319,62.47,34.72,915.972,70.38
34.38,916.4319,62.89,34.69,915.9757,70.68
34.35,916.4734,62.89,34.68,915.9567,71.41
34.34,916.4417,63.5,34.68,915.9685,72.12
34.34,916.44,64.25,34.68,915.9685,72.95
34.37,916.4333,65.71,34.7,915.9545,73.63
34.37,916.4191,66.43,34.72,915.9395,74.3
34.4,916.4191,67.14,34.74,915.9511,74.93
34.43,916.3572,67.59,34.76,915.9573,75.45
34.45,916.3933,68.09,34.79,915.945,76.06
34.48,916.395,68.49,34.82,915.9673,76.48
34.51,916.4194,68.49,34.84,915.9775,76.89
34.53,916.4031,68.89,34.86,915.9701,77.29
34.55,916.4131,69.59,34.88,915.9606,77.67
34.57,916.4334,69.59,34.9,915.975,77.84
34.59,916.4311,69.72,34.91,915.9512,78.13
34.6,916.4281,69.79,34.92,915.9453,78.12
34.6,916.4335,69.64,34.93,915.9227,77.79
34.6,916.3987,69.29,34.93,915.9227,77.03
34.57,916.4105,67.79,34.91,915.9567,75.15
34.54,916.4161,66.89,34.89,915.952,74.05
34.48,916.3983,65.15,34.83,915.9356,71.99
34.45,916.4124,63.98,34.78,915.9702,71.15
34.39,916.4411,62.18,34.73,915.9749,70.36
34.36,916.4238,62.68,34.71,915.9867,70.77
34.34,916.4454,63.47,34.7,915.9785,71.42
34.34,916.4246,64.21,34.7,915.9397,72.2
34.34,916.4246,64.96,34.71,915.9635,72.95
34.36,916.4288,64.96,34.72,915.9467,73.68
34.38,916.4336,65.71,34.74,915.9702,74.36
34.41,916.4318,66.34,34.76,915.9659,75
34.43,916.4456,66.96,34.78,915.9529,75.65
34.46,916.4163,67.58,34.81,915.942,76.6
34.51,916.4317,68.51,34.84,915.9657,77.01
34.51,916.3951,68.98,34.86,915.9669,77.39
34.53,916.3633,69.25,34.88,915.9698,77.71
34.55,916.4053,69.52,34.9,915.9583,77.97
34.57,916.3803,69.59,34.91,915.9339,78.03
34.58,916.3861,69.51,34.93,915.928,78.03
34.59,916.3861,69.51,34.94,915.9185,77.21
34.58,916.3956,68.32,34.93,915.9394,76.4
34.56,916.3978,67.44,34.9,915.95,75.24
34.53,916.3788,66.45,34.87,915.9558,74.29
34.5,916.3752,65.07,34.84,915.9665,73.23
34.46,916.392,63.9,34.8,915.9598,72.22
34.42,916.426,62.95,34.76,915.9673,71.35
34.38,916.3989,62.25,34.76,915.9673,71.35
34.33,916.3908,62.73,34.72,915.9738,72.3
34.31,916.3859,63.47,34.72,915.9461,73.01
34.32,916.4316,64.32,34.72,915.9512,73.67
34.33,916.4062,65.09,34.73,915.9394,74.39
34.35,916.432,65.84,34.75,915.942,75.01
34.38,916.4095,66.58,34.77,915.9343,75.72
34.42,916.4169,67.15,34.77,915.9343,76.69
34.48,916.3809,68.24,34.83,915.9326,77.15
34.51,916.3965,68.69,34.86,915.9832,77.55
34.53,916.4068,69.12,34.88,915.9722,77.87
34.55,916.4029,69.5,34.9,915.9722,77.87
34.55,916.3542,69.74,34.92,915.9852,78.38
34.58,916.387,69.81,34.94,915.9494,78.38
34.59,916.3931,69.8,34.95,915.9506,78.46
34.6,916.4213,69.66,34.96,915.943,77.44
34.58,916.4045,68.62,34.96,915.943,77.44
34.58,916.4045,67.95,34.94,915.9213,76.54
34.56,916.4172,66.74,34.91,915.9686,75.51
34.53,916.4188,65.44,34.88,915.9863,74.5
34.5,916.4031,65.44,34.84,915.9747,73.49
34.46,916.418,64.22,34.81,915.9774,72.54
34.42,916.4256,63.17,34.81,915.9774,72.54
34.42,916.4256,63.17,34.77,915.9794,71.69
34.34,916.4222,62.54,34.72,915.9706,72.05
34.31,916.4033,63.29,34.71,915.9888,72.6
34.31,916.4326,64.1,34.71,915.9523,73.36
34.33,916.4166,64.8,34.72,915.9758,74.04
34.34,916.3879,65.65,34.74,915.9855,74.74
34.37,916.383,66.37,34.76,915.9677,75.39
34.37,916.383,67.62,34.79,915.9573,76.49
34.44,916.3611,68.13,34.82,915.9226,76.92
34.47,916.3629,68.67,34.84,915.9363,77.36
34.5,916.403,69,34.86,915.9704,77.36
34.52,916.387,69.01,34.89,915.974,77.75
34.55,916.3956,69.44,34.9,915.9534,78.09
34.57,916.3708,69.65,34.93,915.9619,78.29
34.58,916.3925,69.68,34.94,915.9376,78.43
34.59,916.3983,69.52,34.94,915.9376,78.43
34.58,916.394,69.18,34.95,915.9489,77.33
34.57,916.4264,68.51,34.95,915.9481,76.43
34.57,916.4041,67.73,34.93,915.9711,75.33
34.54,916.3899,66.92,34.91,915.9731,74.32
34.51,916.3727,66.06,34.87,915.9612,73.27
34.45,916.3845,64.96,34.84,915.9384,72.39
34.45,916.3845,64.96,34.77,915.9731,71.42
34.4,916.4261,63.5,34.74,915.9719,71.25
34.37,916.4416,63.78,34.72,915.9586,71.82
34.37,916.4311,64.34,34.72,915.9818,72.57
34.35,916.4058,65.1,34.71,915.9766,73.32
34.36,916.4096,65.87,34.72,915.9447,74.02
34.37,916.4205,66.54,34.73,915.9304,74.7
34.39,916.3666,67.18,34.75,915.9397,75.3
34.42,916.4067,67.18,34.77,915.9751,75.9
34.48,916.3794,68.25,34.83,915.9548,76.46
34.51,916.4052,68.74,34.85,915.948,76.92
34.53,916.4033,69.19,34.87,915.9763,77.28
34.55,916.3803,69.57,34.89,915.9417,77.67
34.58,916.4078,69.88,34.92,915.9481,78.06
34.6,916.3917,70.16,34.93,915.9522,78.26
34.62,916.3997,70.18,34.96,915.96,78.41
34.61,916.4222,69.47,34.96,915.928,77.58
34.61,916.4213,68.86,34.95,915.9261,76.77
34.6,916.3901,67.98,34.92,915.9492,75.83
34.57,916.4612,67.09,34.9,915.9403,74.63
34.54,916.4684,66.16,34.9,915.9496,73.58
34.51,916.4176,66.16,34.86,915.9496,72.5
34.47,916.3981,65.07,34.83,915.9658,72.5
34.44,916.3717,64.13,34.79,915.9536,71.5
34.41,916.4075,63.14,34.75,915.9487,70.69
34.37,916.3898,63.25,34.73,915.9495,71.24
34.36,916.4339,63.86,34.72,915.9388,71.97
34.35,916.4127,64.64,34.71,915.9801,72.79
34.36,916.3976,65.42,34.72,915.9623,73.48
34.38,916.3937,66.16,34.74,915.9789,74.87
34.43,916.3798,67.42,34.78,915.9419,75.46
34.46,916.392,68,34.81,915.9386,76.04
34.49,916.4028,68.48,34.84,915.9803,76.57
34.52,916.3992,68.93,34.86,915.9358,77.01
34.52,916.3992,69.36,34.86,915.9601,77.45
34.55,916.4042,69.37,34.89,915.9601,77.45
34.57,916.4059,69.67,34.91,915.9611,77.73
34.6,916.4022,70.06,34.93,915.9373,78.12
34.6,916.4022,70.06,34.93,915.9373,78.12
34.63,916.4161,70.04,34.96,915.9291,78.25
34.63,916.4333,69.68,34.97,915.9266,77.86
34.62,916.4333,69.68,34.97,915.9266,77.86
34.61,916.3995,69.08,34.96,915.9462,76.01
34.56,916.4327,67.31,34.91,916.0033,73.76
34.53,916.4258,66.31,34.88,915.9501,73.76
34.43,916.4334,63.79,34.76,915.9531,70.52
34.4,916.4486,63.12,34.73,915.9749,69.68
34.38,916.425,63.37,34.69,915.9705,70.27
34.36,916.3976,64.03,34.68,915.9716,71.86
34.36,916.3942,64.77,34.68,915.9578,71.86
34.37,916.3948,65.56,34.69,915.9708,73.46
34.39,916.4066,66.93,34.71,915.9578,74.16
34.42,916.3703,67.56,34.75,915.9473,74.88
34.45,916.3739,67.57,34.75,915.9473,74.88
34.48,916.3915,68.09,34.78,915.9492,75.5
34.5,916.4084,68.6,34.8,915.957,76.06
34.53,916.3947,69.07,34.84,915.97,76.53
34.53,916.3947,69.76,34.89,915.9633,77.37
34.6,916.3812,70.08,34.91,915.9381,77.69
34.62,916.4103,70.27,34.92,915.9644,77.96
34.62,916.4164,70.3,34.94,915.9598,78.11
34.63,916.3973,69.8,34.96,915.9309,77.83
34.63,916.4277,68.94,34.96,915.9462,77.05
34.62,916.4067,67.87,34.94,915.9792,76.11
34.59,916.4067,67.87,34.92,915.9658,73.73
34.52,916.4394,65.95,34.88,915.9612,73.73
34.49,916.4196,64.88,34.84,915.9643,72.69
34.44,916.4067,63.91,34.8,915.9778,71.68
34.41,916.4092,62.77,34.77,915.9593,70.73
34.36,916.4221,61.89,34.73,915.9841,70.27
34.33,916.4324,62.18,34.7,915.975,70.26
34.3,916.394,62.94,34.69,915.9695,71.02
34.31,916.4052,64.67,34.69,915.9722,72.61
34.34,916.4017,65.46,34.71,915.9641,73.42
34.37,916.3859,66.32,34.73,915.9425,74.12
34.41,916.4127,66.96,34.76,915.9635,74.76
34.44,916.4309,67.59,34.78,915.9665,75.41
34.47,916.4241,68.13,34.81,915.9826,75.96
34.5,916.4239,68.62,34.84,915.9695,76.85
34.53,916.3787,69.41,34.89,915.9691,77.26
34.55,916.3817,69.66,34.91,915.9659,77.56
34.57,916.3937,69.74,34.92,915.9648,77.77
34.59,916.4155,69.71,34.94,915.9422,77.77
34.6,916.4265,69.32,34.94,915.9238,77.38
34.59,916.4139,69.32,34.94,915.9303,76.62
34.58,916.4306,68.69,34.94,915.9303,76.62
34.53,916.4033,67.25,34.9,915.9702,73.75
34.51,916.4313,66.43,34.86,915.9683,72.86
34.48,916.4175,65.64,34.82,915.9614,72.86
34.45,916.3931,64.79,34.79,915.9578,71.2
34.43,916.4075,64.04,34.77,915.9495,71.2
34.43,916.4249,64.2,34.75,915.9723,71.29
34.41,916.3956,64.83,34.74,915.9849,72.79
34.4,916.4227,65.52,34.73,915.981,73.49
34.41,916.3956,66.23,34.74,915.9667,74.22
34.43,916.4249,66.83,34.76,915.9708,74.22
34.43,916.3883,67.49,34.78,915.9648,74.96
34.49,916.4095,68.08,34.8,915.9241,75.49
34.51,916.4039,68.5,34.84,915.9827,76.51
34.54,916.3831,68.95,34.86,915.9704,76.5
34.54,916.3831,69.62,34.91,915.9451,77.26
34.59,916.3964,69.65,34.93,915.9668,77.46
34.61,916.4026,69.35,34.94,915.9373,77.39
34.61,916.4066,69.35,34.95,915.9434,76.6
34.6,916.4231,68.19,34.93,915.9431,75.51
34.58,916.4097,68.19,34.91,915.9697,74.56
34.56,916.4241,67.48,34.91,915.9796,73.69
34.53,916.4187,66.61,34.88,915.9796,73.69
34.5,916.4255,65.66,34.81,915.9716,71.53
34.47,916.4391,64.82,34.77,915.9603,70.54
34.44,916.4447,64.01,34.74,915.9737,69.71
34.41,916.4359,63,34.71,915.9922,69.52
34.39,916.4479,63,34.69,915.9941,70.11
34.36,916.462,64.36,34.68,915.9564,70.89
34.36,916.4498,64.36,34.68,915.9564,72.5
34.39,916.45,65.77,34.7,915.9611,72.5
34.39,916.4289,66.45,34.72,915.9603,73.32
34.41,916.3733,67.01,34.74,915.9459,73.95
34.44,916.382,67.68,34.76,915.9554,74.64
34.46,916.4011,68.16,34.79,915.9592,75.19
34.49,916.4272,68.67,34.82,915.9662,75.76
34.52,916.4272,68.67,34.85,915.9681,76.69
34.57,916.4266,69.43,34.87,915.968,76.69
34.57,916.4246,69.78,34.89,915.959,77.1
34.59,916.4275,70,34.91,915.9686,77.59
34.63,916.4319,70,34.93,915.9692,77.58
34.63,916.4372,69.88,34.94,915.9619,77.29
34.63,916.423,69.46,34.95,915.9355,77.29
34.63,916.423,67.88,34.93,916.0042,75.67
34.59,916.4416,67.87,34.91,915.9662,74.66
34.56,916.4451,66.97,34.88,915.9678,73.81
34.53,916.4171,66.12,34.85,915.9722,72.81
34.5,916.4484,64.27,34.82,915.9483,71.86
34.47,916.4084,63.39,34.78,915.9662,70.84
34.44,916.4275,63.39,34.76,915.9631,70.45
34.41,916.4272,63.38,34.73,915.9567,71.05
34.39,916.4395,64.1,34.73,915.9734,71.72
34.39,916.4375,64.82,34.73,915.9422,72.53
34.4,916.4263,65.47,34.74,915.9331,73.22
34.42,916.4172,66.13,34.76,915.9493,73.94
34.44,916.4135,66.79,34.78,915.9471,74.62
34.46,916.4389,67.41,34.81,915.973,75.27
34.5,916.4203,67.96,34.83,915.9658,75.85
34.52,916.387,68.45,34.86,915.9746,76.25
34.55,916.4061,68.92,34.88,915.9678,76.77
34.57,916.4317,69.31,34.91,915.9554,77.15
34.59,916.4244,69.65,34.92,915.9561,77.53
34.62,916.4417,69.98,34.95,915.9673,77.82
34.64,916.4589,70.25,34.95,915.933,78
34.65,916.4523,70.21,34.96,915.9104,78.02
34.65,916.4523,70.21,34.98,915.937,77.8
34.64,916.4241,69.36,34.98,915.9512,76.98
34.62,916.4539,67.57,34.96,915.952,76.16
34.59,916.4398,67.56,34.94,915.9872,75.28
34.55,916.4478,66.54,34.9,915.9551,74.31
34.51,916.4403,65.86,34.88,915.9832,73.24
34.49,916.4543,65.07,34.85,915.9993,72.21
34.46,916.4459,64.35,34.85,915.9843,71.19
34.46,916.4459,64.35,34.81,915.9843,71.25
34.41,916.4509,64.63,34.76,915.9614,72.57
34.41,916.4429,65.39,34.76,915.9659,73.27
34.43,916.4543,66.1,34.77,915.9724,74.06
34.45,916.4539,66.72,34.8,915.9737,74.69
34.48,916.4331,67.4,34.83,915.9738,75.32
34.48,916.4539,68.44,34.85,915.9782,76.36
34.56,916.4155,68.84,34.9,915.9702,76.76
34.59,916.4465,69.26,34.92,915.9346,77.19
34.61,916.4272,69.65,34.94,915.9664,77.54
34.63,916.425,69.92,34.96,915.9801,77.84
34.65,916.4398,70.21,34.98,915.9661,78.08
34.67,916.4444,70.33,34.99,915.9389,78.29
34.67,916.4444,70.25,34.99,915.9389,78.2
34.68,916.454,70.25,35.01,915.9171,77.87
34.66,916.4408,69.34,35,915.952,77.11
34.65,916.4677,68.56,34.99,915.9417,76.22
34.62,916.4518,67.76,34.96,915.952,75.19
34.59,916.4537,66.8,34.93,915.9394,74.29
34.56,916.4504,66.08,34.9,915.9645,73.3
34.53,916.4414,65.22,34.9,915.9645,72.43
34.53,916.4414,65.22,34.87,915.988,72.43
34.41,916.4199,64.23,34.77,915.9529,72.56
34.41,916.4199,65.03,34.77,915.9492,73.31
34.41,916.4462,65.03,34.78,915.9467,73.3
34.44,916.4095,65.88,34.83,915.9755,74.73
34.5,916.4377,67.26,34.85,915.9448,75.4
34.53,916.4256,67.82,34.88,915.9609,75.91
34.55,916.4341,68.31,34.91,915.9642,76.43
34.58,916.4219,68.76,34.93,915.9792,76.8
34.61,916.4238,69.17,34.95,915.9369,77.23
34.63,916.4267,69.48,34.97,915.9568,77.51
34.63,916.4366,69.52,34.99,915.9224,77.84
34.66,916.4478,69.47,35,915.9406,77.69
34.65,916.4506,68.99,35.01,915.9423,77.21
34.65,916.447,68.44,35.01,915.9579,76.56
34.63,916.4338,68.43,35,915.9465,75.75
34.62,916.4587,67.77,34.98,915.9595,74.91
34.59,916.4155,66.97,34.46226912,915.9600731,75.29804012
